﻿alpha,Year,Sl No.,University,City,State,Admission rate,Average SAT equivalent score of students admitted,Avg Cost of Attendance(academic year instituion),in-state tuition and fee,out-state tuition and fee,"Completion rate for first-time, full-time students at four-year institutions (150% of expected time to completion)",Number of undergraduate student,Number of graduate student
1,2013,49,Arizona State University-Downtown Phoenix,Phoenix,AZ,0.757,1085,22909,9861,23654,0.4732,7894,1836
2,2014,49,Arizona State University-Downtown Phoenix,Phoenix,AZ,0.7886,1083,23298,10157,24503,0.5833,8564,2066
3,2015,49,Arizona State University-Downtown Phoenix,Phoenix,AZ,0.7848,1080,24346,10158,25458,0.6406,9150,9150
4,2016,50,Arizona State University-Downtown Phoenix,Phoenix,AZ,0.767,1474,24109,10370,26470,0.6722,9232,2499
5,2008,72,Boston College,Chestnut Hill,MA,0.2624,1340,51400,37950,37950,0.9058,9860,4107
6,2009,72,Boston College,Chestnut Hill,MA,0.3006,1343,52007,39130,39130,0.9128,9779,4960
7,2010,72,Boston College,Chestnut Hill,MA,0.311,1344,52834,40542,40542,0.9096,9836,4973
8,2011,72,Boston College,Chestnut Hill,MA,0.2798,1353,54595,42204,42204,0.9153,9724,4928
9,2012,72,Boston College,Chestnut Hill,MA,0.2881,1357,56708,43878,43878,0.9219,9695,4768
10,2013,72,Boston College,Chestnut Hill,MA,0.3222,1375,58639,45622,45622,0.913,9686,4611
11,2014,72,Boston College,Chestnut Hill,MA,0.3391,1380,60690,47436,47436,0.9131,9601,4461
12,2015,72,Boston College,Chestnut Hill,MA,0.2851,1380,62968,49324,49324,0.9242,9704,9704
13,2016,73,Boston College,Chestnut Hill,MA,0.3114,1078,65595,51296,51296,0.925,9593,4596
14,2008,28,Boston University,Boston,MA,0.5861,1264,39506,37050,37050,0.8004,18733,11002
15,2009,28,Boston University,Boston,MA,0.543,1263,51054,38440,38440,0.8223,18534,13677
16,2010,28,Boston University,Boston,MA,0.5848,1261,53000,39864,39864,0.8279,18283,14013
17,2011,28,Boston University,Boston,MA,0.5797,1272,54836,41420,41420,0.8475,18714,14299
18,2012,28,Boston University,Boston,MA,0.4943,1272,56842,42994,42994,0.8391,18140,14297
19,2013,28,Boston University,Boston,MA,0.4561,1279,59036,44880,44880,0.8448,18306,14246
20,2014,28,Boston University,Boston,MA,0.3451,1300,61396,46664,46664,0.847,18165,14095
21,2015,28,Boston University,Boston,MA,0.3262,1303,63588,48436,48436,0.8526,18017,18017
22,2016,29,Boston University,Boston,MA,0.2943,1202,65809,50240,50240,0.8652,16512,14751
23,2008,81,Brandeis University,Waltham,MA,0.344,1363,16194,37294,37294,0.8913,3233,2131
24,2009,81,Brandeis University,Waltham,MA,0.3238,1367,50148,38762,38762,0.8701,3196,2281
25,2010,81,Brandeis University,Waltham,MA,0.4044,1344,51992,40289,40289,0.9067,3317,2301
26,2011,81,Brandeis University,Waltham,MA,0.3999,1340,53957,41860,41860,0.9118,3341,2324
27,2012,81,Brandeis University,Waltham,MA,0.3911,1340,56395,44294,44294,0.8992,3504,2220
28,2013,81,Brandeis University,Waltham,MA,0.3704,1347,58850,45856,45856,0.8959,3588,2211
29,2014,81,Brandeis University,Waltham,MA,0.3522,1369,61023,47558,47558,0.9085,3614,2216
30,2015,81,Brandeis University,Waltham,MA,0.3402,1360,63222,49598,49598,0.8645,3715,3715
31,2016,82,Brandeis University,Waltham,MA,0.3344,1262,65954,51245,51245,0.8994,3597,2121
32,2008,21,Brown University,Providence,RI,0.1371,1413,50560,37718,37718,0.9435,6008,1814
33,2009,21,Brown University,Providence,RI,0.1117,1420,50560,38848,38848,0.954,6095,2330
34,2010,21,Brown University,Providence,RI,0.0934,1415,52030,40820,40820,0.9559,6244,2387
35,2011,21,Brown University,Providence,RI,0.0891,1387,54370,42230,42230,0.9521,6318,2388
36,2012,21,Brown University,Providence,RI,0.096,1419,56150,43758,43758,0.9515,6380,2450
37,2013,21,Brown University,Providence,RI,0.0918,1425,58140,45612,45612,0.9452,6435,2488
38,2014,21,Brown University,Providence,RI,0.0874,1435,60460,47434,47434,0.9612,6455,2633
39,2015,21,Brown University,Providence,RI,0.0949,1457,62694,49346,49346,0.9597,6548,6548
40,2016,21,Brown University,Providence,RI,0.0931,1289,65380,51366,51366,0.9552,6580,2855
41,2008,4,California Institute of Technology,Pasadena,CA,0.1736,1514,51299,34437,34437,0.8849,913,1205
42,2009,4,California Institute of Technology,Pasadena,CA,0.1527,1514,48990,34584,34584,0.8895,921,1179
43,2010,4,California Institute of Technology,Pasadena,CA,0.1255,1528,49968,36282,36282,0.9034,951,1208
44,2011,4,California Institute of Technology,Pasadena,CA,0.1277,1520,52389,37704,37704,0.867,967,1253
45,2012,4,California Institute of Technology,Pasadena,CA,0.1277,1520,54090,39588,39588,0.919,978,1246
46,2013,4,California Institute of Technology,Pasadena,CA,0.1055,1534,56382,41538,41538,0.9307,997,1204
47,2014,4,California Institute of Technology,Pasadena,CA,0.0883,1545,58755,43362,43362,0.9153,977,1226
48,2015,4,California Institute of Technology,Pasadena,CA,0.0881,1544,60990,45390,45390,0.9084,983,983
49,2016,4,California Institute of Technology,Pasadena,CA,0.0807,1508,63471,47577,47577,0.9364,979,1261
50,2008,19,Carnegie Mellon University,Pittsburgh,PA,0.2889,1392,50148,39564,39564,0.8732,5682,5066
51,2009,19,Carnegie Mellon University,Pittsburgh,PA,0.3626,1392,52150,40920,40920,0.8445,5809,5420
52,2010,19,Carnegie Mellon University,Pittsburgh,PA,0.3332,1395,53660,42136,42136,0.8572,5777,5510
53,2011,19,Carnegie Mellon University,Pittsburgh,PA,0.3044,1402,55286,44010,44010,0.87,5830,5582
54,2012,19,Carnegie Mellon University,Pittsburgh,PA,0.2777,1409,57520,45760,45760,0.8677,5949,6057
55,2013,19,Carnegie Mellon University,Pittsburgh,PA,0.2549,1432,59710,47642,47642,0.8799,5921,6450
56,2014,19,Carnegie Mellon University,Pittsburgh,PA,0.246,1436,61990,49022,49022,0.883,5917,6699
57,2015,19,Carnegie Mellon University,Pittsburgh,PA,0.2372,1448,63804,50665,50665,0.8777,5888,5888
58,2016,19,Carnegie Mellon University,Pittsburgh,PA,0.2171,1302,65877,52310,52310,0.8976,6188,6975
59,2008,44,Case Western Reserve University,Cleveland,OH,0.7332,1308,18303,35202,35202,0.8096,4207,3761
60,2009,44,Case Western Reserve University,Cleveland,OH,0.7001,1340,48052,36238,36238,0.8066,4356,5510
61,2010,44,Case Western Reserve University,Cleveland,OH,0.6669,1345,50128,37648,37648,0.821,4228,5610
62,2011,44,Case Western Reserve University,Cleveland,OH,0.5126,1340,52073,39120,39120,0.7831,4227,5620
63,2012,44,Case Western Reserve University,Cleveland,OH,0.5432,1375,54133,40490,40490,0.7813,4016,5640
64,2013,44,Case Western Reserve University,Cleveland,OH,0.4188,1377,55783,41800,41800,0.8012,4386,5664
65,2014,44,Case Western Reserve University,Cleveland,OH,0.3831,1375,57405,43158,43158,0.8113,4661,5860
66,2015,44,Case Western Reserve University,Cleveland,OH,0.3627,1398,59467,44560,44560,0.8062,4911,4911
67,2016,45,Case Western Reserve University,Cleveland,OH,0.3544,1229,61371,46006,46006,0.8214,5048,6512
68,2008,89,Clark University,Worcester,MA,0.5639,1197,17820,34220,34220,0.7257,2320,950
69,2009,89,Clark University,Worcester,MA,0.6418,1190,42620,35220,35220,0.7803,2380,1083
70,2010,89,Clark University,Worcester,MA,0.6909,1195,43720,36420,36420,0.7744,2333,1134
71,2011,89,Clark University,Worcester,MA,0.6792,1450,44962,37350,37350,0.7953,2317,1151
72,2012,89,Clark University,Worcester,MA,0.7005,1450,45984,38450,38450,0.7975,2311,1151
73,2013,89,Clark University,Worcester,MA,0.6154,1450,47248,39550,39550,0.8094,2352,1171
74,2014,89,Clark University,Worcester,MA,0.5403,1450,48366,40730,40730,0.7782,2380,1122
75,2015,89,Clark University,Worcester,MA,0.5507,1450,49958,41940,41940,0.8285,2301,2301
76,2016,90,Clark University,Worcester,MA,0.5473,1214,51609,43150,43150,0.7548,2248,1009
77,2008,86,Colorado State University-Fort Collins,Fort Collins,CO,0.8555,1113,23036,5874,21590,0.6312,21671,6418
78,2009,86,Colorado State University-Fort Collins,Fort Collins,CO,0.722,1126,17276,6318,22240,0.6351,21937,6681
79,2010,86,Colorado State University-Fort Collins,Fort Collins,CO,0.8052,1127,18054,6985,23095,0.6392,22221,7324
80,2011,86,Colorado State University-Fort Collins,Fort Collins,CO,0.7587,1129,18682,7952,23652,0.635,22831,7392
81,2012,86,Colorado State University-Fort Collins,Fort Collins,CO,0.7471,1129,20152,8649,24441,0.6282,23075,7407
82,2013,86,Colorado State University-Fort Collins,Fort Collins,CO,0.7743,1127,21823,9313,25166,0.6383,23252,7638
83,2014,86,Colorado State University-Fort Collins,Fort Collins,CO,0.8048,1128,22929,9897,26277,0.6525,23548,7756
84,2015,86,Colorado State University-Fort Collins,Fort Collins,CO,0.8082,1145,23137,10558,27267,0.6659,23598,23598
85,2016,87,Colorado State University-Fort Collins,Fort Collins,CO,0.7796,1127,24885,11052,28346,0.6674,23497,6679
86,2008,9,Columbia University in the city of New York,New York,NY,0.1057,1422,50100,39326,39326,0.9257,7285,13502
87,2009,9,Columbia University in the city of New York,New York,NY,0.1101,1445,51406,41316,41316,0.9299,7495,16487
88,2010,9,Columbia University in the city of New York,New York,NY,0.0984,1457,54294,43304,43304,0.9217,7743,17258
89,2011,9,Columbia University in the city of New York,New York,NY,0.0954,1471,56681,45290,45290,0.928,7940,17923
90,2012,9,Columbia University in the city of New York,New York,NY,0.0695,1486,59208,47246,47246,0.9505,8127,18657
91,2013,9,Columbia University in the city of New York,New York,NY,0.0742,1471,61540,49138,49138,0.9329,7814,18987
92,2014,9,Columbia University in the city of New York,New York,NY,0.0695,1470,64144,51008,51008,0.9469,7970,19489
93,2015,9,Columbia University in the city of New York,New York,NY,0.0661,1473,66604,53000,53000,0.9518,8100,8100
94,2016,9,Columbia University in the city of New York,New York,NY,0.0683,1481,69021,55056,55056,0.9411,8124,21248
95,2008,7,Cornell University,Ithaca,NY,0.2066,1395,50384,36504,36504,0.929,13510,5497
96,2009,7,Cornell University,Ithaca,NY,0.191,1391,50384,37954,37954,0.9189,13846,6702
97,2010,7,Cornell University,Ithaca,NY,0.1836,1394,52406,39666,39666,0.9282,13931,7004
98,2011,7,Cornell University,Ithaca,NY,0.1797,1394,54667,41541,41541,0.9349,13935,6964
99,2012,7,Cornell University,Ithaca,NY,0.1655,1410,57116,43413,43413,0.9335,14167,7163
100,2013,7,Cornell University,Ithaca,NY,0.1556,1422,59572,45358,45358,0.9334,14261,7200
101,2014,7,Cornell University,Ithaca,NY,0.1419,1422,61608,47286,47286,0.932,14393,7397
102,2015,7,Cornell University,Ithaca,NY,0.1507,1428,63596,49116,49116,0.9348,14269,14269
103,2016,7,Cornell University,Ithaca,NY,0.1409,1502,65464,50953,50953,0.9388,14471,7753
104,2008,42,Dartmouth College,Hanover,NH,0.1528,1435,50547,36915,36915,0.9484,4164,1324
105,2009,42,Dartmouth College,Hanover,NH,0.1347,1432,50547,38679,38679,0.9424,4147,1791
106,2010,42,Dartmouth College,Hanover,NH,0.1257,1444,52973,40437,40437,0.9535,4196,1893
107,2011,42,Dartmouth College,Hanover,NH,0.1168,1454,55386,42996,42996,0.9497,4248,1950
108,2012,42,Dartmouth College,Hanover,NH,0.1014,1446,58638,45042,45042,0.9583,4194,2084
109,2013,42,Dartmouth College,Hanover,NH,0.0978,1446,61398,46752,46752,0.947,4193,2066
110,2014,42,Dartmouth College,Hanover,NH,0.115,1444,63279,48108,48108,0.9516,4276,2009
111,2015,42,Dartmouth College,Hanover,NH,0.1097,1437,65133,49506,49506,0.9414,4289,4289
112,2016,43,Dartmouth College,Hanover,NH,0.1059,1330,67044,51438,51438,0.9657,4230,2099
113,2008,94,Drexel University,Philadelphia,PA,0.6815,1195,14707,30440,30440,0.6216,13194,7965
114,2009,94,Drexel University,Philadelphia,PA,0.5456,1205,46521,31835,31835,0.6616,13572,9009
115,2010,94,Drexel University,Philadelphia,PA,0.5506,1199,48581,33000,33000,0.6776,13484,9657
116,2011,94,Drexel University,Philadelphia,PA,0.575,1205,50611,34505,34505,0.682,13980,9813
117,2012,94,Drexel University,Philadelphia,PA,0.7486,1216,52535,36090,36090,0.6534,15047,9624
118,2013,94,Drexel University,Philadelphia,PA,0.815,1197,53831,37505,37505,0.6951,15876,9516
119,2014,94,Drexel University,Philadelphia,PA,0.7601,1186,56402,47051,47051,0.6736,16616,9463
120,2015,94,Drexel University,Philadelphia,PA,0.7474,1214,66078,48791,48791,0.6803,16896,16896
121,2016,95,Drexel University,Philadelphia,PA,0.7465,1340,67821,51030,51030,0.6977,15350,8680
122,2008,13,Duke University,Durham,NC,0.2297,1430,52464,37295,37295,0.9505,6394,5884
123,2009,13,Duke University,Durham,NC,0.2238,1440,50974,38741,38741,0.9462,6496,7772
124,2010,13,Duke University,Durham,NC,0.1886,1432,53035,40243,40243,0.9426,6578,8319
125,2011,13,Duke University,Durham,NC,0.1648,1435,55150,41938,41938,0.9437,6697,8747
126,2012,13,Duke University,Durham,NC,0.1399,1435,57325,43623,43623,0.9453,6680,8731
127,2013,13,Duke University,Durham,NC,0.1342,1444,59528,45376,45376,0.9423,6655,8821
128,2014,13,Duke University,Durham,NC,0.1141,1454,61748,47243,47243,0.9485,6646,9230
129,2015,13,Duke University,Durham,NC,0.1142,1450,63999,49241,49241,0.9495,6626,6626
130,2016,13,Duke University,Durham,NC,0.1083,1422,67005,51265,51265,0.9457,6467,9126
131,2008,38,Emory University,Atlanta,GA,0.2717,1384,49027,36336,36336,0.8652,6719,4227
132,2009,38,Emory University,Atlanta,GA,0.2662,1403,49708,38036,38036,0.8803,6890,5950
133,2010,38,Emory University,Atlanta,GA,0.2966,1390,52132,39158,39158,0.8803,6980,6150
134,2011,38,Emory University,Atlanta,GA,0.2887,1363,53556,41164,41164,0.8823,7231,6452
135,2012,38,Emory University,Atlanta,GA,0.2668,1369,55992,42980,42980,0.8926,7441,6580
136,2013,38,Emory University,Atlanta,GA,0.2633,1363,58180,44008,44008,0.8961,7656,6677
137,2014,38,Emory University,Atlanta,GA,0.2682,1366,59908,45008,45008,0.8892,7836,6940
138,2015,38,Emory University,Atlanta,GA,0.2367,1380,61344,46314,46314,0.8936,6880,6880
139,2016,39,Emory University,Atlanta,GA,0.2529,1288,63058,47954,47954,0.9061,6717,7206
140,2008,90,Florida State University,Tallahassee,FL,0.467,1192,26336,3987,18432,0.6953,31595,7641
141,2009,90,Florida State University,Tallahassee,FL,0.6104,1193,16504,4566,19011,0.7141,29869,8982
142,2010,90,Florida State University,Tallahassee,FL,0.5952,1192,16911,5238,19682,0.7356,30806,8998
143,2011,90,Florida State University,Tallahassee,FL,0.5849,1203,18145,5826,20952,0.7384,31418,8886
144,2012,90,Florida State University,Tallahassee,FL,0.5368,1214,20246,6402,21570,0.7513,31594,8524
145,2013,90,Florida State University,Tallahassee,FL,0.5681,1212,20774,6507,21673,0.7695,31652,8381
146,2014,90,Florida State University,Tallahassee,FL,0.5539,1228,21408,6507,21673,0.7913,32528,8278
147,2015,90,Florida State University,Tallahassee,FL,0.559,1215,21463,6507,21673,0.7939,32948,32948
148,2016,91,Florida State University,Tallahassee,FL,0.5801,1144,21938,6507,21673,0.8006,32417,8240
149,2008,66,George Washington University,Washington,DC,0.3671,1283,51153,40422,40422,0.8077,10701,12126
150,2009,66,George Washington University,Washington,DC,0.3737,1276,52707,41655,41655,0.8119,10590,14503
151,2010,66,George Washington University,Washington,DC,0.3675,1287,54125,42905,42905,0.8056,10558,14777
152,2011,66,George Washington University,Washington,DC,0.3169,1300,55625,44148,44148,0.811,10358,14854
153,2012,66,George Washington University,Washington,DC,0.33,1297,57148,45780,45780,0.7963,10406,15189
154,2013,66,George Washington University,Washington,DC,0.3308,1297,58925,47343,47343,0.8083,10240,14907
155,2014,66,George Washington University,Washington,DC,0.4379,1297,61394,48760,48760,0.7938,10357,14873
156,2015,66,George Washington University,Washington,DC,0.4646,1294,63159,50435,50435,0.8308,10433,10433
157,2016,67,George Washington University,Washington,DC,0.4021,1365,65218,51950,51950,0.8371,11244,15655
158,2008,52,Georgetown University,Washington,DC,0.1883,1352,53425,37947,37947,0.9316,7038,5330
159,2009,52,Georgetown University,Washington,DC,0.188,1397,53425,39036,39036,0.9309,7092,9059
160,2010,52,Georgetown University,Washington,DC,0.1978,1397,54954,40203,40203,0.9396,7461,9358
161,2011,52,Georgetown University,Washington,DC,0.2015,1396,56485,41393,41393,0.9379,7579,9540
162,2012,52,Georgetown University,Washington,DC,0.1807,1387,58125,42870,42870,0.9332,7590,9805
163,2013,52,Georgetown University,Washington,DC,0.1697,1398,59900,44805,44805,0.9245,7552,10213
164,2014,52,Georgetown University,Washington,DC,0.1735,1414,62179,46744,46744,0.9491,7636,10263
165,2015,52,Georgetown University,Washington,DC,0.1724,1416,64540,48611,48611,0.9394,7595,7595
166,2016,53,Georgetown University,Washington,DC,0.1685,1445,66971,50547,50547,0.9426,7112,11072
167,2008,23,Georgia Institute of Technology-Main campus,Atlanta,GA,0.6335,1321,20743,6040,25182,0.7719,12565,6440
168,2009,23,Georgia Institute of Technology-Main campus,Atlanta,GA,0.6091,1323,16052,7506,25716,0.7918,12973,6776
169,2010,23,Georgia Institute of Technology-Main campus,Atlanta,GA,0.5879,1320,18240,8716,26926,0.7974,13515,6970
170,2011,23,Georgia Institute of Technology-Main campus,Atlanta,GA,0.5169,1329,19793,9652,27862,0.7892,13750,6993
171,2012,23,Georgia Institute of Technology-Main campus,Atlanta,GA,0.5118,1349,20859,10098,29402,0.7932,13948,7030
172,2013,23,Georgia Institute of Technology-Main campus,Atlanta,GA,0.5493,1352,21980,10650,29954,0.8219,14527,6913
173,2014,23,Georgia Institute of Technology-Main campus,Atlanta,GA,0.3338,1400,23216,11394,30698,0.8154,14558,8427
174,2015,23,Georgia Institute of Technology-Main campus,Atlanta,GA,0.3217,1403,24629,12204,32396,0.8478,14682,14682
175,2016,24,Georgia Institute of Technology-Main campus,Atlanta,GA,0.2577,1320,25616,12212,32404,0.8629,14766,11350
176,2008,3,Harvard University,Cambridge,MA,0.0765,1482,50250,36173,36173,0.9759,6764,16340
177,2009,3,Harvard University,Cambridge,MA,0.0719,1468,50250,37012,37012,0.9792,6768,17394
178,2010,3,Harvard University,Cambridge,MA,0.0723,1478,52000,38415,38415,0.9737,10257,17329
179,2011,3,Harvard University,Cambridge,MA,0.0626,1485,53950,39851,39851,0.9743,10257,17087
180,2012,3,Harvard University,Cambridge,MA,0.0581,1497,56000,39966,39966,0.9696,10305,17528
181,2013,3,Harvard University,Cambridge,MA,0.0584,1501,57950,42292,42292,0.9747,10564,17708
182,2014,3,Harvard University,Cambridge,MA,0.0596,1501,59950,43938,43938,0.9752,10538,18453
183,2015,3,Harvard University,Cambridge,MA,0.0558,1497,62250,45278,45278,0.9759,10338,10338
184,2016,3,Harvard University,Cambridge,MA,0.054,1555,64400,47074,47074,0.9723,7447,19993
185,2008,96,Howard University,Washington,DC,0.4852,1129,22277,14685,14685,0.6523,7028,1787
186,2009,96,Howard University,Washington,DC,0.5403,1108,25546,16075,16075,0.6203,7145,3397
187,2010,96,Howard University,Washington,DC,0.5403,1090,27460,18120,18120,0.9114,7005,3447
188,2011,96,Howard University,Washington,DC,0.5447,1050,30127,20171,20171,0.6262,7086,3439
189,2012,96,Howard University,Washington,DC,0.5388,1074,39237,22683,22683,0.6329,7048,3314
190,2013,96,Howard University,Washington,DC,0.493,1081,40129,22683,22683,0.6065,6656,3323
191,2014,96,Howard University,Washington,DC,0.4841,1105,41643,23970,23970,0.6032,6874,3252
192,2015,96,Howard University,Washington,DC,0.4904,1105,43116,23970,23970,0.6056,7013,7013
193,2016,95,Howard University,Washington,DC,0.3,1172,43116,24908,24908,0.6134,5830,3067
194,2008,79,Illinois Institute of Technology,Chicago,IL,0.5718,1241,16003,27513,27513,0.6371,2576,3856
195,2009,79,Illinois Institute of Technology,Chicago,IL,0.6028,1271,39506,29364,29364,0.6573,2639,5042
196,2010,79,Illinois Institute of Technology,Chicago,IL,0.6449,1267,40929,32443,32443,0.6377,2665,5172
197,2011,79,Illinois Institute of Technology,Chicago,IL,0.635,1245,43917,35125,35125,0.6364,2602,5073
198,2012,79,Illinois Institute of Technology,Chicago,IL,0.5433,1226,46731,37969,37969,0.6826,2714,4883
199,2013,79,Illinois Institute of Technology,Chicago,IL,0.5697,1252,48940,40117,40117,0.625,2801,4924
200,2014,79,Illinois Institute of Technology,Chicago,IL,0.506,1266,51572,41645,41645,0.6523,2926,4799
201,2015,79,Illinois Institute of Technology,Chicago,IL,0.5271,1251,53585,43680,43680,0.7259,3099,3099
202,2016,80,Illinois Institute of Technology,Chicago,IL,0.571,1262,57277,45214,45214,0.7139,2859,4786
203,2008,62,Indiana University-Bloomington,Bloomington,IN,0.7069,1164,48052,8231,24769,0.7259,30394,7814
204,2009,62,Indiana University-Bloomington,Bloomington,IN,0.7263,1187,19307,8613,26160,0.735,31626,9857
205,2010,62,Indiana University-Bloomington,Bloomington,IN,0.6915,1184,20099,9028,27689,0.7125,32490,10097
206,2011,62,Indiana University-Bloomington,Bloomington,IN,0.7228,1182,20990,9524,29540,0.7204,32367,10188
207,2012,62,Indiana University-Bloomington,Bloomington,IN,0.7441,1183,22049,10033,31483,0.7533,32543,9762
208,2013,62,Indiana University-Bloomington,Bloomington,IN,0.7217,1198,23043,10209,32350,0.7705,32371,9955
209,2014,62,Indiana University-Bloomington,Bloomington,IN,0.7609,1198,23716,10388,33241,0.7764,36862,9997
210,2015,62,Indiana University-Bloomington,Bloomington,IN,0.7799,1199,24326,10388,33741,0.7706,36419,36419
211,2016,63,Indiana University-Bloomington,Bloomington,IN,0.7872,1434,24432,10388,34246,0.7639,32924,10511
212,2008,91,Iowa State University,Ames,IA,0.8891,1131,19255,6360,17350,0.6736,21004,4718
213,2009,91,Iowa State University,Ames,IA,0.8728,1150,17842,6651,17871,0.6933,21607,5424
214,2010,91,Iowa State University,Ames,IA,0.8505,1148,18284,6997,18563,0.7022,22521,5578
215,2011,91,Iowa State University,Ames,IA,0.8055,1145,18834,7486,19358,0.6751,23104,5268
216,2012,91,Iowa State University,Ames,IA,0.8625,1145,18410,7726,19838,0.7079,24343,5195
217,2013,91,Iowa State University,Ames,IA,0.8252,1145,18820,7726,20278,0.681,25553,5296
218,2014,91,Iowa State University,Ames,IA,0.8691,1145,18828,7731,20617,0.6893,27659,5542
219,2015,91,Iowa State University,Ames,IA,0.8715,1142,18943,7736,20856,0.7137,28893,28893
220,2016,92,Iowa State University,Ames,IA,0.8749,1038,19182,8219,21583,0.7435,30224,5679
221,2008,12,Johns Hopkins University,Baltimore,MD,0.2609,1395,50030,37700,37700,0.8911,5650,13708
222,2009,12,Johns Hopkins University,Baltimore,MD,0.2782,1395,51478,39150,39150,0.9064,5577,14552
223,2010,12,Johns Hopkins University,Baltimore,MD,0.2225,1390,53390,40680,40680,0.9042,5831,15157
224,2011,12,Johns Hopkins University,Baltimore,MD,0.194,1393,55390,42280,42280,0.9112,5820,15159
225,2012,12,Johns Hopkins University,Baltimore,MD,0.1843,1403,57442,43390,43390,0.921,5980,14848
226,2013,12,Johns Hopkins University,Baltimore,MD,0.1813,1418,58980,45470,45470,0.9254,6023,14801
227,2014,12,Johns Hopkins University,Baltimore,MD,0.1608,1439,61481,47060,47060,0.9308,6117,15015
228,2015,12,Johns Hopkins University,Baltimore,MD,0.1412,1453,63509,48710,48710,0.9369,6357,6357
229,2016,12,Johns Hopkins University,Baltimore,MD,0.1284,1460,65473,50410,50410,0.9244,5616,17875
230,2008,95,Lehigh University,Bethlehem,PA,0.2791,1315,20488,37550,37550,0.8504,4756,2118
231,2009,95,Lehigh University,Bethlehem,PA,0.3278,1300,49540,38630,38630,0.8621,4876,2187
232,2010,95,Lehigh University,Bethlehem,PA,0.3789,1304,50982,39780,39780,0.8776,4809,2270
233,2011,95,Lehigh University,Bethlehem,PA,0.3337,1313,52454,40960,40960,0.8692,4781,2186
234,2012,95,Lehigh University,Bethlehem,PA,0.3258,1306,53884,42220,42220,0.8833,4869,2197
235,2013,95,Lehigh University,Bethlehem,PA,0.3084,1322,55441,43520,43520,0.8584,4883,2165
236,2014,95,Lehigh University,Bethlehem,PA,0.3427,1326,57043,44890,44890,0.8739,4931,2057
237,2015,95,Lehigh University,Bethlehem,PA,0.3041,1338,58541,46230,46230,0.8755,5062,5062
238,2016,95,Lehigh University,Bethlehem,PA,0.2611,1142,60391,48320,48320,0.8882,5061,1979
239,2008,1,Massachusetts Institute of Technology,Cambridge,MA,0.1186,1464,51406,36390,36390,0.9355,4163,6146
240,2009,1,Massachusetts Institute of Technology,Cambridge,MA,0.107,1472,50100,37782,37782,0.9136,4153,6152
241,2010,1,Massachusetts Institute of Technology,Cambridge,MA,0.1008,1486,52000,39212,39212,0.9294,4232,6267
242,2011,1,Massachusetts Institute of Technology,Cambridge,MA,0.0973,1490,53210,40732,40732,0.9286,4299,6510
243,2012,1,Massachusetts Institute of Technology,Cambridge,MA,0.0895,1490,55270,42050,42050,0.9281,4384,6686
244,2013,1,Massachusetts Institute of Technology,Cambridge,MA,0.0815,1503,57010,43498,43498,0.9307,4503,6773
245,2015,1,Massachusetts Institute of Technology,Cambridge,MA,0.083,1507,61030,46704,46704,0.9193,4512,4512
246,2016,1,Massachusetts Institute of Technology,Cambridge,MA,0.0794,1476,63250,48452,48452,0.9276,4489,6852
247,2008,37,Michigan State University,East Lansing,MI,0.7003,1146,15127,10214,25672,0.7519,36072,8483
248,2009,37,Michigan State University,East Lansing,MI,0.7242,1144,19930,10880,27343,0.7698,36205,10781
249,2010,37,Michigan State University,East Lansing,MI,0.6998,1161,20695,11152,29108,0.7704,36290,11064
250,2011,37,Michigan State University,East Lansing,MI,0.7294,1160,21403,12202,31148,0.7709,35921,11268
251,2012,37,Michigan State University,East Lansing,MI,0.7056,1158,22946,12622,32580,0.7913,36557,11429
252,2013,37,Michigan State University,East Lansing,MI,0.6865,1158,23740,12862,33750,0.7736,37354,11332
253,2014,37,Michigan State University,East Lansing,MI,0.6609,1158,24323,13200,34965,0.7886,37985,11295
254,2015,37,Michigan State University,East Lansing,MI,0.6628,1159,24976,13560,36360,0.7717,38786,38786
255,2016,38,Michigan State University,East Lansing,MI,0.6574,1397,25809,14062,37890,0.7826,38851,11250
256,2008,18,New York University,New York,NY,0.3221,1342,49540,37372,37372,0.849,21327,17454
257,2009,18,New York University,New York,NY,0.378,1317,51153,38765,38765,0.8577,21269,21766
258,2010,18,New York University,New York,NY,0.381,1340,52952,40082,40082,0.8599,21638,21700
259,2011,18,New York University,New York,NY,0.327,1360,55412,41606,41606,0.8672,22097,21631
260,2012,18,New York University,New York,NY,0.3504,1342,57775,43204,43204,0.8493,22280,22018
261,2013,18,New York University,New York,NY,0.3239,1352,60059,44848,44848,0.8331,22498,21984
262,2014,18,New York University,New York,NY,0.3545,1344,61958,46170,46170,0.8301,24715,24289
263,2015,18,New York University,New York,NY,0.3207,1360,65405,47750,47750,0.8386,24985,24985
264,2016,18,New York University,New York,NY,0.3187,1458,67637,49062,49062,0.8465,25716,24415
265,2008,57,North Carolina State University at Raleigh,Raleigh,NC,0.6032,1158,25195,5286,17584,0.7089,24145,7819
266,2009,57,North Carolina State University at Raleigh,Raleigh,NC,0.5903,1171,16003,5475,17960,0.7292,24741,8564
267,2010,57,North Carolina State University at Raleigh,Raleigh,NC,0.5481,1177,16688,6529,19064,0.7166,25255,9129
268,2011,57,North Carolina State University at Raleigh,Raleigh,NC,0.5421,1181,18329,7018,19853,0.7156,25247,9591
269,2012,57,North Carolina State University at Raleigh,Raleigh,NC,0.5261,1181,19288,7788,20953,0.7062,25176,9507
270,2013,57,North Carolina State University at Raleigh,Raleigh,NC,0.5001,1229,20511,8206,21661,0.7359,24833,9473
271,2014,57,North Carolina State University at Raleigh,Raleigh,NC,0.516,1253,22046,8296,23551,0.7498,24536,9516
272,2015,57,North Carolina State University at Raleigh,Raleigh,NC,0.5043,1264,22767,8581,24932,0.7517,24473,24473
273,2016,58,North Carolina State University at Raleigh,Raleigh,NC,0.4751,1230,22226,8880,26399,0.7705,22390,9928
274,2008,63,Northeastern University,Boston,MA,0.3513,1269,52707,33721,33721,0.6995,17963,6683
275,2009,63,Northeastern University,Boston,MA,0.4101,1289,48217,35362,35362,0.7525,18530,8755
276,2010,63,Northeastern University,Boston,MA,0.3792,1313,50215,37142,37142,0.7668,18782,10084
277,2011,63,Northeastern University,Boston,MA,0.3453,1340,52117,38602,38602,0.7682,19435,10383
278,2012,63,Northeastern University,Boston,MA,0.3186,1366,54006,40086,40086,0.7856,16576,11054
279,2013,63,Northeastern University,Boston,MA,0.3231,1394,55914,41686,41686,0.8256,16640,6830
280,2014,63,Northeastern University,Boston,MA,0.3222,1420,57981,43440,43440,0.8162,13223,6288
281,2015,63,Northeastern University,Boston,MA,0.2848,1435,60179,45530,45530,0.8443,13510,13510
282,2016,64,Northeastern University,Boston,MA,0.2888,1201,62789,47653,47653,0.8617,13345,6908
283,2008,16,Northwestern University,Evanston,IL,0.2678,1431,52450,37125,37125,0.935,9261,8456
284,2009,16,Northwestern University,Evanston,IL,0.262,1427,52080,38463,38463,0.9516,9336,10298
285,2010,16,Northwestern University,Evanston,IL,0.2715,1434,53983,40223,40223,0.9436,9555,10946
286,2011,16,Northwestern University,Evanston,IL,0.2313,1438,56406,41983,41983,0.936,9535,11493
287,2012,16,Northwestern University,Evanston,IL,0.1803,1452,58829,43779,43779,0.9296,9466,11839
288,2013,16,Northwestern University,Evanston,IL,0.1532,1458,60729,45527,45527,0.9419,9376,12309
289,2014,16,Northwestern University,Evanston,IL,0.1311,1461,63028,47251,47251,0.9331,9283,12506
290,2015,16,Northwestern University,Evanston,IL,0.1304,1460,65436,49047,49047,0.9276,9048,9048
291,2016,16,Northwestern University,Evanston,IL,0.1066,1324,67887,50855,50855,0.9351,8563,13032
292,2008,27,Ohio State University-Main campus,Columbus,OH,0.623,1239,49803,8679,21918,0.7271,39209,13503
293,2009,27,Ohio State University-Main campus,Columbus,OH,0.6489,1239,22554,8679,22251,0.7493,40212,13666
294,2010,27,Ohio State University-Main campus,Columbus,OH,0.6192,1256,24159,9420,23604,0.7813,41348,13982
295,2011,27,Ohio State University-Main campus,Columbus,OH,0.6329,1260,25337,9735,24630,0.7991,42082,13951
296,2012,27,Ohio State University-Main campus,Columbus,OH,0.64,1262,26351,10037,25445,0.8243,42916,13329
297,2013,27,Ohio State University-Main campus,Columbus,OH,0.5553,1289,24524,10037,25757,0.8323,43058,13265
298,2014,27,Ohio State University-Main campus,Columbus,OH,0.5296,1292,25029,10037,26537,0.835,44201,13581
299,2015,27,Ohio State University-Main campus,Columbus,OH,0.4938,1295,25306,10037,27365,0.8316,44741,44741
300,2016,28,Ohio State University-Main campus,Columbus,OH,0.5411,1328,25173,10037,28229,0.8367,44762,13651
301,2008,87,Oregon State University,Corvallis,OR,0.8554,1070,18181,6187,18823,0.6198,16224,3632
302,2009,87,Oregon State University,Corvallis,OR,0.8414,1081,18181,6727,19651,0.6048,16673,3883
303,2010,87,Oregon State University,Corvallis,OR,0.8247,1081,18959,7115,20435,0.6022,18067,4196
304,2011,87,Oregon State University,Corvallis,OR,0.8111,1090,20459,7600,21316,0.6102,19557,4342
305,2012,87,Oregon State University,Corvallis,OR,0.7765,1095,21271,8138,22322,0.609,20620,4555
306,2013,87,Oregon State University,Corvallis,OR,0.7894,1102,22974,8322,23514,0.6147,21808,4745
307,2014,87,Oregon State University,Corvallis,OR,0.7776,1112,23326,9122,26294,0.6307,23157,4983
308,2015,87,Oregon State University,Corvallis,OR,0.7836,1113,24418,10107,28767,0.643,23903,23903
309,2016,87,Oregon State University,Corvallis,OR,0.7748,1216,26189,10366,28846,0.6333,24350,5027
310,2008,29,Pennsylvania State University-Main campus,University Park,PA,0.5096,1194,22606,13706,24940,0.8463,36815,6418
311,2009,29,Pennsylvania State University-Main campus,University Park,PA,0.5119,1201,26742,14416,25946,0.8467,37988,6555
312,2010,29,Pennsylvania State University-Main campus,University Park,PA,0.5162,1199,28520,15250,27114,0.853,38630,6639
313,2011,29,Pennsylvania State University-Main campus,University Park,PA,0.5479,1199,29684,15984,28066,0.8667,38594,6674
314,2012,29,Pennsylvania State University-Main campus,University Park,PA,0.5243,1200,31002,16444,28746,0.8557,38954,6591
315,2013,29,Pennsylvania State University-Main campus,University Park,PA,0.542,1199,31625,16992,29566,0.8484,39192,6530
316,2014,29,Pennsylvania State University-Main campus,University Park,PA,0.5029,1196,33326,17502,30452,0.8611,40085,6499
317,2015,29,Pennsylvania State University-Main campus,University Park,PA,0.5132,1202,34258,17514,31346,0.8566,40541,40541
318,2016,30,Pennsylvania State University-Main campus,University Park,PA,0.564,1472,34777,17900,32382,0.8553,40891,6430
319,2008,6,Princeton University,Princeton,NJ,0.0993,1478,49830,34290,34290,0.9605,4845,2452
320,2009,6,Princeton University,Princeton,NJ,0.1006,1482,49830,35340,35340,0.9673,4878,2479
321,2010,6,Princeton University,Princeton,NJ,0.088,1485,51260,36640,36640,0.9573,5029,2582
322,2011,6,Princeton University,Princeton,NJ,0.0846,1487,52715,37865,37865,0.9551,5142,2610
323,2012,6,Princeton University,Princeton,NJ,0.0785,1492,53934,39537,39537,0.9601,5203,2648
324,2013,6,Princeton University,Princeton,NJ,0.0741,1495,55430,40170,40170,0.9694,5327,2691
325,2014,6,Princeton University,Princeton,NJ,0.0744,1491,57400,41820,41820,0.9678,5323,2697
326,2015,6,Princeton University,Princeton,NJ,0.0714,1490,59665,43450,43450,0.9684,5391,5391
327,2016,6,Princeton University,Princeton,NJ,0.0652,1436,61860,45320,45320,0.9748,5236,2781
328,2008,31,Purdue University-Main campus,West Lafayette,IN,0.7152,1163,17276,7750,23224,0.7177,32610,7426
329,2009,31,Purdue University-Main campus,West Lafayette,IN,0.7315,1169,18303,8638,25118,0.6948,33105,8552
330,2010,31,Purdue University-Main campus,West Lafayette,IN,0.6511,1173,20322,9070,26622,0.6833,32500,8890
331,2011,31,Purdue University-Main campus,West Lafayette,IN,0.6836,1191,21549,9478,27646,0.6795,32173,8861
332,2012,31,Purdue University-Main campus,West Lafayette,IN,0.6145,1199,22481,9900,28702,0.6945,31988,9109
333,2013,31,Purdue University-Main campus,West Lafayette,IN,0.6042,1211,23109,9992,28794,0.6994,31284,9348
334,2014,31,Purdue University-Main campus,West Lafayette,IN,0.5929,1213,22879,10002,28804,0.7295,30446,9515
335,2015,31,Purdue University-Main campus,West Lafayette,IN,0.5897,1231,22581,10002,28804,0.7462,30237,30237
336,2016,31,Purdue University-Main campus,West Lafayette,IN,0.5597,1218,22698,10002,28804,0.7632,30849,10408
337,2008,67,Rensselaer Polytechnic Institute,Troy,NY,0.4411,1298,21647,37990,37990,0.8252,5164,1383
338,2009,67,Rensselaer Polytechnic Institute,Troy,NY,0.4225,1333,50535,39165,39165,0.8225,5367,1272
339,2010,67,Rensselaer Polytechnic Institute,Troy,NY,0.3996,1334,52160,40680,40680,0.823,5629,1273
340,2011,67,Rensselaer Polytechnic Institute,Troy,NY,0.3963,1344,54035,42704,42704,0.8382,5348,1217
341,2012,67,Rensselaer Polytechnic Institute,Troy,NY,0.4358,1342,57179,44475,44475,0.8448,5240,1267
342,2013,67,Rensselaer Polytechnic Institute,Troy,NY,0.412,1366,59470,46269,46269,0.8494,5300,1262
343,2014,67,Rensselaer Polytechnic Institute,Troy,NY,0.375,1372,61820,47908,47908,0.8214,5379,1217
344,2015,67,Rensselaer Polytechnic Institute,Troy,NY,0.4187,1368,64198,49341,49341,0.8123,5557,5557
345,2016,67,Rensselaer Polytechnic Institute,Troy,NY,0.4435,1116,66172,50797,50797,0.8299,6200,1098
346,2008,26,Rice University,Houston,TX,0.2298,1425,43586,30486,30486,0.9314,3017,2237
347,2009,26,Rice University,Houston,TX,0.2233,1425,43586,32057,32057,0.9344,3120,2277
348,2010,26,Rice University,Houston,TX,0.2129,1435,45637,33771,33771,0.9159,3299,2350
349,2011,26,Rice University,Houston,TX,0.1882,1428,47871,35551,35551,0.9155,3529,2469
350,2012,26,Rice University,Houston,TX,0.1671,1437,50171,37292,37292,0.9243,3755,2636
351,2013,26,Rice University,Houston,TX,0.1674,1454,52242,38941,38941,0.9111,3848,2663
352,2014,26,Rice University,Houston,TX,0.151,1460,54291,40566,40566,0.9279,3965,2695
353,2015,26,Rice University,Houston,TX,0.1596,1482,56316,42253,42253,0.9053,3926,3926
354,2016,27,Rice University,Houston,TX,0.1527,1296,58253,43918,43918,0.9311,3879,2962
355,2008,58,Rutgers University-New Brunswick,New Brunswick,NJ,0.5577,1185,16758,11540,21488,0.746,26829,7538
356,2009,58,Rutgers University-New Brunswick,New Brunswick,NJ,0.6148,1185,25195,11886,23058,0.7678,28031,8271
357,2010,58,Rutgers University-New Brunswick,New Brunswick,NJ,0.5908,1190,26338,12582,24044,0.7696,29095,8561
358,2011,58,Rutgers University-New Brunswick,New Brunswick,NJ,0.6114,1195,26511,12754,25416,0.7742,30351,8682
359,2012,58,Rutgers University-New Brunswick,New Brunswick,NJ,0.6089,1195,27274,13073,26393,0.7931,31268,8841
360,2013,58,Rutgers University-New Brunswick,New Brunswick,NJ,0.5951,1210,28011,13499,27523,0.7969,31593,14135
361,2014,58,Rutgers University-New Brunswick,New Brunswick,NJ,0.605,1215,28766,13813,28591,0.8068,34983,13834
362,2015,58,Rutgers University-New Brunswick,New Brunswick,NJ,0.5845,1225,29076,14131,29521,0.8045,36016,36016
363,2016,59,Rutgers University-New Brunswick,New Brunswick,NJ,0.5694,1075,29388,14372,30023,0.8006,35782,13978
364,2008,2,Stanford University,Stanford,CA,0.0949,1432,51760,36798,36798,0.9444,6759,10280
365,2009,2,Stanford University,Stanford,CA,0.0797,1436,51760,38676,38676,0.9488,6815,11896
366,2010,2,Stanford University,Stanford,CA,0.0731,1452,54009,40172,40172,0.9471,6879,12595
367,2011,2,Stanford University,Stanford,CA,0.071,1446,55918,41564,41564,0.9614,6889,12957
368,2012,2,Stanford University,Stanford,CA,0.0661,1465,57755,42225,42225,0.952,6927,11456
369,2013,2,Stanford University,Stanford,CA,0.0569,1466,58408,43683,43683,0.9576,6999,11072
370,2015,2,Stanford University,Stanford,CA,0.0504,1479,62363,46320,46320,0.9385,7018,7018
371,2016,2,Stanford University,Stanford,CA,0.0481,1506,64477,47940,47940,0.939,7032,10150
372,2008,69,Stony Brook University,Stony Brook,NY,0.4334,1181,15395,5810,12070,0.6136,15519,7440
373,2009,69,Stony Brook University,Stony Brook,NY,0.3992,1193,17561,6488,14388,0.6708,15921,8297
374,2010,69,Stony Brook University,Stony Brook,NY,0.4096,1213,18319,6580,14990,0.6516,16384,8237
375,2011,69,Stony Brook University,Stony Brook,NY,0.3915,1229,18807,6994,16444,0.6727,16126,8135
376,2012,69,Stony Brook University,Stony Brook,NY,0.4006,1233,19701,7560,18180,0.6968,15785,8109
377,2013,69,Stony Brook University,Stony Brook,NY,0.3948,1253,20704,7995,19935,0.6593,15837,8151
378,2014,69,Stony Brook University,Stony Brook,NY,0.4134,1254,21358,8430,21850,0.6857,15992,8127
379,2015,69,Stony Brook University,Stony Brook,NY,0.4099,1271,22000,8855,23935,0.6834,16480,16480
380,2016,70,Stony Brook University,Stony Brook,NY,0.4067,1185,22988,8999,26239,0.7237,16863,8708
381,2008,48,Texas A & M University-College Station,College Station,TX,0.7009,1189,20230,7844,22184,0.7825,37357,9609
382,2009,48,Texas A & M University-College Station,College Station,TX,0.6691,1199,19841,8176,22606,0.7973,38430,9893
383,2010,48,Texas A & M University-College Station,College Station,TX,0.6864,1218,20261,8387,22817,0.7988,38809,9981
384,2011,48,Texas A & M University-College Station,College Station,TX,0.6344,1215,20457,8421,23811,0.8069,39148,10363
385,2012,48,Texas A & M University-College Station,College Station,TX,0.6688,1205,20669,8506,25035,0.796,39867,10524
386,2013,48,Texas A & M University-College Station,College Station,TX,0.6947,1182,20819,8506,25126,0.7908,42011,11625
387,2014,48,Texas A & M University-College Station,College Station,TX,0.7103,1206,20998,9685,26583,0.7934,43930,14549
388,2015,48,Texas A & M University-College Station,College Station,TX,0.6664,1212,22893,10176,28768,0.7889,46937,46937
389,2016,49,Texas A & M University-College Station,College Station,TX,0.6717,1081,24682,11036,31214,0.8022,50416,14897
390,2008,98,The New School,New York,NY,0.5125,1110,20526,33700,33700,0.6165,6622,3450
391,2009,98,The New School,New York,NY,0.6214,1090,49803,36000,36000,0.6575,6375,3554
392,2010,98,The New School,New York,NY,0.6308,1103,51482,36729,36729,0.638,6706,3708
393,2011,98,The New School,New York,NY,0.6925,1125,53003,38198,38198,0.6046,6970,3716
394,2012,98,The New School,New York,NY,0.653,1114,54624,39368,39368,0.6387,7081,3565
395,2013,98,The New School,New York,NY,0.6659,1131,57202,40426,40426,0.6336,6799,3524
396,2014,98,The New School,New York,NY,0.659,1117,57945,41870,41870,0.5974,6777,3537
397,2015,98,The New School,New York,NY,0.6662,1450,60109,43813,43813,0.6461,6940,6940
398,2016,99,The New School,New York,NY,0.6009,1216,62175,45440,45440,0.6775,7007,3195
399,2008,78,The University of Tennessee-Knoxville,Knoxville,TN,0.7124,1164,25875,6250,19208,0.5979,21369,8693
400,2009,78,The University of Tennessee-Knoxville,Knoxville,TN,0.7268,1196,19618,6850,22168,0.6057,21717,8752
401,2010,78,The University of Tennessee-Knoxville,Knoxville,TN,0.7449,1198,20780,7382,22720,0.604,21182,8908
402,2011,78,The University of Tennessee-Knoxville,Knoxville,TN,0.6969,1198,22061,8396,25538,0.6316,21392,8980
403,2012,78,The University of Tennessee-Knoxville,Knoxville,TN,0.6732,1200,23571,9092,27582,0.6607,21214,8917
404,2013,78,The University of Tennessee-Knoxville,Knoxville,TN,0.7249,1199,24746,11194,29684,0.6754,20916,8848
405,2014,78,The University of Tennessee-Knoxville,Knoxville,TN,0.7483,1198,27450,11876,30326,0.6931,21182,8722
406,2015,78,The University of Tennessee-Knoxville,Knoxville,TN,0.763,1214,29420,12436,30856,0.7034,21451,21451
407,2016,79,The University of Tennessee-Knoxville,Knoxville,TN,0.7722,1275,29626,12724,31144,0.6883,21984,5913
408,2008,22,The University of Texas at Austin,Austin,TX,0.4353,1225,49950,8532,27760,0.7779,37459,12595
409,2009,22,The University of Texas at Austin,Austin,TX,0.4532,1225,21647,8936,29906,0.8067,37389,12827
410,2010,22,The University of Texas at Austin,Austin,TX,0.4701,1243,22670,9416,31266,0.8026,38168,12775
411,2011,22,The University of Texas at Austin,Austin,TX,0.4656,1256,23839,9794,32506,0.8089,38420,12675
412,2012,22,The University of Texas at Austin,Austin,TX,0.4675,1259,24525,9790,33128,0.7867,38437,12231
413,2013,22,The University of Texas at Austin,Austin,TX,0.4019,1262,25176,9798,33842,0.7944,39955,12080
414,2014,22,The University of Texas at Austin,Austin,TX,0.3966,1296,25918,9830,34836,0.8064,39979,11790
415,2015,22,The University of Texas at Austin,Austin,TX,0.3924,1297,26119,9806,34676,0.7965,39523,39523
416,2016,22,The University of Texas at Austin,Austin,TX,0.4037,1380,26098,10092,35682,0.8122,39676,11163
417,2008,80,The University of Texas at Dallas,Richardson,TX,0.5351,1246,16684,9050,18000,0.5903,9266,5520
418,2009,80,The University of Texas at Dallas,Richardson,TX,0.5167,1218,21248,9510,20340,0.6309,9393,5982
419,2010,80,The University of Texas at Dallas,Richardson,TX,0.4989,1248,19574,9886,22170,0.6315,9801,6485
420,2011,80,The University of Texas at Dallas,Richardson,TX,0.5336,1248,20743,10276,24166,0.6078,10648,7104
421,2012,80,The University of Texas at Dallas,Richardson,TX,0.5196,1279,21430,10666,25084,0.6382,11760,7698
422,2013,80,The University of Texas at Dallas,Richardson,TX,0.5857,1262,22381,10864,26038,0.6291,12029,8144
423,2014,80,The University of Texas at Dallas,Richardson,TX,0.6194,1259,22713,10864,26894,0.7064,13049,8795
424,2015,80,The University of Texas at Dallas,Richardson,TX,0.6148,1265,23133,10864,26894,0.6643,14300,14300
425,2016,80,The University of Texas at Dallas,Richardson,TX,0.6799,1377,23211,11192,28808,0.6746,17339,9443
426,2008,53,Tufts University,Medford,MA,0.2547,1420,52080,38840,38840,0.9185,5035,3251
427,2009,53,Tufts University,Medford,MA,0.2656,1450,51400,40342,40342,0.9079,5044,5088
428,2010,53,Tufts University,Medford,MA,0.2434,1418,53130,41598,41598,0.9112,5161,5256
429,2011,53,Tufts University,Medford,MA,0.2186,1420,55000,42962,42962,0.9025,5224,5583
430,2012,53,Tufts University,Medford,MA,0.2139,1422,56600,44666,44666,0.9227,5194,5582
431,2013,53,Tufts University,Medford,MA,0.1884,1428,58752,46598,46598,0.9219,5255,5692
432,2014,53,Tufts University,Medford,MA,0.1724,1423,61000,48643,48643,0.923,5180,5730
433,2015,53,Tufts University,Medford,MA,0.161,1424,63358,50604,50604,0.9347,5177,5177
434,2016,54,Tufts University,Medford,MA,0.1429,1323,65814,52430,52430,0.9208,5459,5981
435,2008,77,Tulane University of Louisiana,New Orleans,LA,0.2698,1332,51478,38664,38664,0.7438,6449,2629
436,2009,77,Tulane University of Louisiana,New Orleans,LA,0.2647,1320,50030,40584,40584,0.7342,6692,4304
437,2010,77,Tulane University of Louisiana,New Orleans,LA,0.2598,1337,52240,41884,41884,0.6981,7160,4390
438,2011,77,Tulane University of Louisiana,New Orleans,LA,0.2495,1342,53860,43434,43434,0.6953,7754,4574
439,2012,77,Tulane University of Louisiana,New Orleans,LA,0.2727,1350,56484,45240,45240,0.7526,8271,4601
440,2013,77,Tulane University of Louisiana,New Orleans,LA,0.2643,1341,58904,46930,46930,0.7602,8357,4648
441,2014,77,Tulane University of Louisiana,New Orleans,LA,0.2795,1342,61055,48305,48305,0.8293,8290,4711
442,2015,77,Tulane University of Louisiana,New Orleans,LA,0.305,1346,62856,49638,49638,0.832,7892,7892
443,2016,78,Tulane University of Louisiana,New Orleans,LA,0.255,1213,64926,51010,51010,0.833,7924,4657
444,2008,61,University at Buffalo,Buffalo,NY,0.5166,1149,26742,6285,12545,0.6197,18779,7146
445,2009,61,University at Buffalo,Buffalo,NY,0.519,1149,16684,7013,14913,0.6321,18760,9513
446,2010,61,University at Buffalo,Buffalo,NY,0.5139,1158,17960,7136,15546,0.6659,19149,9720
447,2011,61,University at Buffalo,Buffalo,NY,0.5139,1158,18531,7482,16932,0.7113,19397,9515
448,2012,61,University at Buffalo,Buffalo,NY,0.5686,1162,19870,7989,18609,0.7027,19346,9438
449,2013,61,University at Buffalo,Buffalo,NY,0.5652,1158,20885,8211,20151,0.72,19677,10019
450,2014,61,University at Buffalo,Buffalo,NY,0.5781,1165,21996,8870,22290,0.7189,20096,10113
451,2015,61,University at Buffalo,Buffalo,NY,0.5999,1173,23249,9381,24461,0.7368,19828,19828
452,2016,62,University at Buffalo,Buffalo,NY,0.5938,1200,24006,9574,26814,0.7436,20102,9772
453,2008,55,University of Arizona,Tucson,AZ,0.8054,1097,15899,5542,18676,0.5717,29070,8341
454,2009,55,University of Arizona,Tucson,AZ,0.78,1099,18008,6855,22264,0.5839,29716,8421
455,2010,55,University of Arizona,Tucson,AZ,0.7536,1093,20537,8237,24597,0.5974,30346,8494
456,2011,55,University of Arizona,Tucson,AZ,0.7536,1102,21624,10035,25494,0.6137,30592,8571
457,2012,55,University of Arizona,Tucson,AZ,0.7139,1099,23153,10035,26231,0.6128,30665,8658
458,2013,55,University of Arizona,Tucson,AZ,0.7692,1106,23905,10391,27383,0.6139,31565,8951
459,2014,55,University of Arizona,Tucson,AZ,0.7462,1450,24617,10957,29421,0.6026,31670,9249
460,2015,55,University of Arizona,Tucson,AZ,0.7643,1450,23996,11403,32630,0.6085,32585,32585
461,2016,56,University of Arizona,Tucson,AZ,0.7862,1234,24633,11769,34967,0.5992,33402,9467
462,2008,14,University of California-Berkeley,Berkeley,CA,0.2322,1314,50974,7656,28264,0.8964,24636,9159
463,2009,14,University of California-Berkeley,Berkeley,CA,0.2146,1318,26275,8998,31715,0.9017,25151,10300
464,2010,14,University of California-Berkeley,Berkeley,CA,0.2162,1334,28602,10940,33819,0.911,25530,10293
465,2011,14,University of California-Berkeley,Berkeley,CA,0.2143,1349,30800,12834,35712,0.9049,25540,10252
466,2012,14,University of California-Berkeley,Berkeley,CA,0.2161,1361,32445,12874,35752,0.9068,25885,10119
467,2013,14,University of California-Berkeley,Berkeley,CA,0.18,1350,32715,12864,35742,0.9103,25774,10247
468,2014,14,University of California-Berkeley,Berkeley,CA,0.1602,1382,33020,12972,35850,0.9069,25951,10439
469,2015,14,University of California-Berkeley,Berkeley,CA,0.1688,1397,33989,13431,38139,0.9158,27126,27126
470,2016,14,University of California-Berkeley,Berkeley,CA,0.1693,1334,34924,13509,40191,0.9172,29309,10844
471,2008,32,University of California-Davis,Davis,CA,0.5861,1145,16052,8635,29243,0.8139,23478,4897
472,2009,32,University of California-Davis,Davis,CA,0.5257,1166,24599,10003,32720,0.7983,24188,6621
473,2010,32,University of California-Davis,Davis,CA,0.4737,1192,26566,11958,34837,0.8234,24626,6722
474,2011,32,University of California-Davis,Davis,CA,0.4627,1202,28950,13860,36738,0.817,24670,6694
475,2012,32,University of California-Davis,Davis,CA,0.4826,1208,30771,13877,36755,0.8125,25038,6688
476,2013,32,University of California-Davis,Davis,CA,0.4521,1192,31803,13895,36773,0.8133,25666,6774
477,2014,32,University of California-Davis,Davis,CA,0.4037,1226,32638,13896,36774,0.8321,26533,6943
478,2015,32,University of California-Davis,Davis,CA,0.3795,1226,33265,13951,38659,0.8538,27565,27565
479,2016,31,University of California-Davis,Davis,CA,0.4228,1395,33904,14046,40728,0.8467,29358,7081
480,2008,40,University of California-Irvine,Irvine,CA,0.556,1160,25837,8046,28654,0.8102,21696,4471
481,2009,40,University of California-Irvine,Irvine,CA,0.4872,1172,23283,9363,32080,0.817,22122,4916
482,2010,40,University of California-Irvine,Irvine,CA,0.4415,1176,24800,11232,34111,0.8257,22226,5018
483,2011,40,University of California-Irvine,Irvine,CA,0.4521,1179,27346,13122,36000,0.846,21976,5185
484,2012,40,University of California-Irvine,Irvine,CA,0.4746,1143,28781,13122,36000,0.8562,22004,5263
485,2013,40,University of California-Irvine,Irvine,CA,0.4239,1122,28980,13149,36027,0.8585,22216,5365
486,2014,40,University of California-Irvine,Irvine,CA,0.3742,1168,29759,13179,36057,0.8649,23530,5562
487,2015,40,University of California-Irvine,Irvine,CA,0.3868,1175,30796,13252,37960,0.8809,24489,24489
488,2016,41,University of California-Irvine,Irvine,CA,0.4065,1287,31198,13360,40042,0.8724,27317,5423
489,2008,15,University of California-Los Angeles,Los Angeles,CA,0.2357,1275,24725,7551,27572,0.8921,25928,9663
490,2009,15,University of California-Los Angeles,Los Angeles,CA,0.2284,1266,24725,8911,31628,0.8925,26536,11863
491,2010,15,University of California-Los Angeles,Los Angeles,CA,0.2187,1266,26809,10781,33660,0.8979,26687,11995
492,2011,15,University of California-Los Angeles,Los Angeles,CA,0.2554,1289,29240,12686,35564,0.8996,26162,12072
493,2012,15,University of California-Los Angeles,Los Angeles,CA,0.2711,1289,31216,12692,35570,0.9151,27199,12004
494,2013,15,University of California-Los Angeles,Los Angeles,CA,0.2199,1289,31474,12697,35575,0.9031,27941,12121
495,2014,15,University of California-Los Angeles,Los Angeles,CA,0.1856,1330,32074,12705,35583,0.9098,28674,12212
496,2015,15,University of California-Los Angeles,Los Angeles,CA,0.1728,1339,32594,12763,37471,0.911,29633,29633
497,2016,15,University of California-Los Angeles,Los Angeles,CA,0.1799,1470,33078,12920,39602,0.9115,30859,12675
498,2008,73,University of California-Riverside,Riverside,CA,0.8668,1028,17842,7845,28453,0.6428,14973,2317
499,2009,73,University of California-Riverside,Riverside,CA,0.8426,1036,23036,9152,31869,0.6502,15708,2388
500,2010,73,University of California-Riverside,Riverside,CA,0.8376,1051,24507,11029,33908,0.6808,16996,2450
501,2011,73,University of California-Riverside,Riverside,CA,0.7588,1037,27146,12924,35802,0.6678,18242,2378
502,2012,73,University of California-Riverside,Riverside,CA,0.6816,1064,28809,12960,35838,0.6631,18522,2408
503,2013,73,University of California-Riverside,Riverside,CA,0.62,1078,29787,12960,35838,0.6617,18539,2586
504,2014,73,University of California-Riverside,Riverside,CA,0.5829,1128,30174,13407,36285,0.6933,18621,2708
505,2015,73,University of California-Riverside,Riverside,CA,0.556,1119,30946,13527,38235,0.7309,18790,18790
506,2016,74,University of California-Riverside,Riverside,CA,0.6634,1210,31494,13581,40263,0.7291,19788,2916
507,2008,17,University of California-San Diego,La Jolla,CA,0.4224,1230,17671,8062,28673,0.8515,22048,4258
508,2009,17,University of California-San Diego,La Jolla,CA,0.3988,1247,23433,9437,32154,0.8439,22518,5275
509,2010,17,University of California-San Diego,La Jolla,CA,0.3621,1253,25246,11306,34185,0.8606,23143,5513
510,2011,17,University of California-San Diego,La Jolla,CA,0.3788,1268,27700,13200,36078,0.8532,23663,5547
511,2012,17,University of California-San Diego,La Jolla,CA,0.3535,1226,29194,13217,36095,0.8625,23046,5618
512,2013,17,University of California-San Diego,La Jolla,CA,0.375,1276,29751,13271,36149,0.858,22676,5712
513,2014,17,University of California-San Diego,La Jolla,CA,0.3329,1313,30092,13427,36305,0.8618,23805,5899
514,2015,17,University of California-San Diego,La Jolla,CA,0.3374,1344,30842,13530,38238,0.8728,24810,24810
515,2016,17,University of California-San Diego,La Jolla,CA,0.3566,1371,31043,13645,40327,0.8721,28121,6852
516,2008,35,University of California-Santa Barbara,Santa Barbara,CA,0.544,1179,24599,8386,28994,0.8148,18415,2976
517,2009,35,University of California-Santa Barbara,Santa Barbara,CA,0.4925,1182,26336,9722,32439,0.8018,18892,3054
518,2010,35,University of California-Santa Barbara,Santa Barbara,CA,0.4815,1195,27838,11686,34565,0.7942,19796,3032
519,2011,35,University of California-Santa Barbara,Santa Barbara,CA,0.4547,1205,30224,13595,36473,0.7978,19186,3065
520,2012,35,University of California-Santa Barbara,Santa Barbara,CA,0.4631,1218,31603,13671,36549,0.8022,18620,2950
521,2013,35,University of California-Santa Barbara,Santa Barbara,CA,0.4444,1212,31913,13746,36624,0.807,18977,2863
522,2014,35,University of California-Santa Barbara,Santa Barbara,CA,0.3634,1253,33826,13865,36743,0.8129,19362,2813
523,2015,35,University of California-Santa Barbara,Santa Barbara,CA,0.3264,1248,34493,13968,38676,0.8098,20238,20238
524,2016,36,University of California-Santa Barbara,Santa Barbara,CA,0.3577,1298,34998,14073,40755,0.8231,21570,2772
525,2008,64,University of California-Santa Cruz,Santa Cruz,CA,0.8113,1127,23261,8200,28778,0.7152,14403,1490
526,2009,64,University of California-Santa Cruz,Santa Cruz,CA,0.717,1143,25875,9507,32224,0.7331,15125,1516
527,2010,64,University of California-Santa Cruz,Santa Cruz,CA,0.6355,1149,27971,11505,34384,0.7418,15259,1519
528,2011,64,University of California-Santa Cruz,Santa Cruz,CA,0.6382,1126,30670,13416,36294,0.7337,15668,1509
529,2012,64,University of California-Santa Cruz,Santa Cruz,CA,0.6729,1129,32914,13416,36294,0.7448,15945,1426
530,2013,64,University of California-Santa Cruz,Santa Cruz,CA,0.5991,1087,33208,13397,36275,0.7267,15978,1508
531,2014,64,University of California-Santa Cruz,Santa Cruz,CA,0.5572,1149,33036,13397,36275,0.7734,15695,1589
532,2015,64,University of California-Santa Cruz,Santa Cruz,CA,0.5029,1201,34125,13461,38169,0.7835,16277,16277
533,2016,65,University of California-Santa Cruz,Santa Cruz,CA,0.5785,1210,34608,13539,40221,0.7694,16962,1821
534,2008,5,University of Chicago,Chicago,IL,0.2791,1397,52007,38492,38492,0.9181,4926,8658
535,2009,5,University of Chicago,Chicago,IL,0.2734,1425,52450,39381,39381,0.9151,5026,9980
536,2010,5,University of Chicago,Chicago,IL,0.1882,1458,55195,42041,42041,0.9294,5101,9882
537,2011,5,University of Chicago,Chicago,IL,0.1626,1468,57590,43780,43780,0.9193,5258,9577
538,2012,5,University of Chicago,Chicago,IL,0.1322,1469,59950,45609,45609,0.9197,5402,9627
539,2013,5,University of Chicago,Chicago,IL,0.0881,1504,62425,47514,47514,0.9268,5618,9345
540,2014,5,University of Chicago,Chicago,IL,0.0876,1505,64988,49380,49380,0.9288,5703,9359
541,2015,5,University of Chicago,Chicago,IL,0.0838,1506,67572,51351,51351,0.9168,5738,5738
542,2016,5,University of Chicago,Chicago,IL,0.0794,1493,70100,53649,53649,0.9422,5978,9774
543,2008,76,University of Colorado Boulder,Boulder,CO,0.7796,1180,18008,7278,26756,0.6654,26348,5047
544,2008,45,University of Colorado Boulder,Boulder,CO,0.7796,1180,20525,7278,26756,0.6654,26348,5047
545,2009,45,University of Colorado Boulder,Boulder,CO,0.8404,1194,23261,7932,28186,0.6696,26897,5791
546,2009,76,University of Colorado Boulder,Boulder,CO,0.8404,1194,23261,7932,28186,0.6696,26897,5791
547,2010,45,University of Colorado Boulder,Boulder,CO,0.8282,1171,24757,8511,29493,0.6788,27219,6049
548,2010,76,University of Colorado Boulder,Boulder,CO,0.8282,1171,24757,8511,29493,0.6788,27219,6049
549,2011,45,University of Colorado Boulder,Boulder,CO,0.8694,1179,25747,9152,30330,0.6814,26648,6028
550,2011,76,University of Colorado Boulder,Boulder,CO,0.8694,1179,25747,9152,30330,0.6814,26648,6028
551,2012,45,University of Colorado Boulder,Boulder,CO,0.8357,1169,27236,9482,31378,0.68,26530,6004
552,2012,76,University of Colorado Boulder,Boulder,CO,0.8357,1169,27236,9482,31378,0.68,26530,6004
553,2013,45,University of Colorado Boulder,Boulder,CO,0.8771,1192,27854,10347,32115,0.6969,25940,5921
554,2013,76,University of Colorado Boulder,Boulder,CO,0.8771,1192,27854,10347,32115,0.6969,25940,5921
555,2014,45,University of Colorado Boulder,Boulder,CO,0.8416,1207,28887,10789,33151,0.6982,26096,5875
556,2014,76,University of Colorado Boulder,Boulder,CO,0.8416,1207,28887,10789,33151,0.6982,26096,5875
557,2015,45,University of Colorado Boulder,Boulder,CO,0.7962,1212,30025,11091,34125,0.715,26557,26557
558,2015,76,University of Colorado Boulder,Boulder,CO,0.7962,1212,30025,11091,34125,0.715,26557,26557
559,2016,77,University of Colorado Boulder,Boulder,CO,0.7662,1346,31393,11531,35079,0.6991,27376,6076
560,2016,46,University of Colorado Boulder,Boulder,CO,0.7662,1362,31393,11531,35079,0.6991,27376,6076
561,2008,71,University of Connecticut,Storrs,CT,0.5449,1197,25546,9338,24050,0.7608,16348,6583
562,2009,71,University of Connecticut,Storrs,CT,0.4969,1213,22277,9886,25486,0.7788,16765,8021
563,2010,71,University of Connecticut,Storrs,CT,0.5397,1221,23364,10416,26880,0.8049,17008,8153
564,2011,71,University of Connecticut,Storrs,CT,0.4732,1221,24474,10670,27566,0.8228,17345,8053
565,2012,71,University of Connecticut,Storrs,CT,0.4471,1238,25019,11242,29074,0.8191,17815,7955
566,2013,71,University of Connecticut,Storrs,CT,0.5366,1233,25786,12022,30970,0.8323,17528,7879
567,2014,71,University of Connecticut,Storrs,CT,0.4996,1246,26966,12700,32880,0.809,18032,8146
568,2015,71,University of Connecticut,Storrs,CT,0.5317,1250,28016,13366,34908,0.8309,18395,18395
569,2016,72,University of Connecticut,Storrs,CT,0.488,1378,29128,14066,35858,0.8215,19030,8397
570,2008,84,University of Delaware,Newark,DE,0.58,1197,18858,8646,21126,0.729,16937,3448
571,2009,84,University of Delaware,Newark,DE,0.5702,1173,17820,9486,23186,0.6832,17052,3634
572,2010,84,University of Delaware,Newark,DE,0.5057,1189,18759,10208,25408,0.7402,17504,3670
573,2011,84,University of Delaware,Newark,DE,0.6087,1200,20325,11192,27462,0.7561,17507,3617
574,2012,84,University of Delaware,Newark,DE,0.5942,1185,21473,11682,28772,0.8198,17872,3654
575,2013,84,University of Delaware,Newark,DE,0.6468,1178,21748,12112,29932,0.8001,17484,3679
576,2014,84,University of Delaware,Newark,DE,0.6783,1194,23357,12342,30692,0.7898,16846,3729
577,2015,84,University of Delaware,Newark,DE,0.6659,1198,24086,12520,31420,0.7884,17458,17458
578,2016,85,University of Delaware,Newark,DE,0.695,1086,24557,12830,32250,0.8139,18510,3794
579,2008,41,University of Florida,Gainesville,FL,0.4146,1262,20831,3778,20623,0.8164,35189,12669
580,2009,41,University of Florida,Gainesville,FL,0.427,1244,15395,4373,23744,0.8246,34654,17063
581,2010,41,University of Florida,Gainesville,FL,0.4322,1265,16102,5044,27321,0.8447,33628,17167
582,2011,41,University of Florida,Gainesville,FL,0.4318,1249,17784,5657,27934,0.8369,32660,16991
583,2012,41,University of Florida,Gainesville,FL,0.441,1271,19155,6143,28420,0.8512,32598,17137
584,2013,41,University of Florida,Gainesville,FL,0.4655,1272,20456,6263,28541,0.8654,32776,16710
585,2014,41,University of Florida,Gainesville,FL,0.4561,1273,20085,6313,28591,0.8751,33168,16630
586,2015,41,University of Florida,Gainesville,FL,0.4754,1280,20467,6381,28659,0.865,32829,32829
587,2016,42,University of Florida,Gainesville,FL,0.4594,1441,20571,6381,28659,0.8717,33309,17813
588,2008,82,University of Georgia,Athens,GA,0.5478,1218,51054,6030,22342,0.7889,25335,7160
589,2009,82,University of Georgia,Athens,GA,0.5561,1218,16758,7530,25740,0.7976,25467,8743
590,2010,82,University of Georgia,Athens,GA,0.5376,1228,18000,8736,26946,0.808,26142,8730
591,2011,82,University of Georgia,Athens,GA,0.5927,1225,19628,9472,27682,0.8328,25947,8443
592,2012,82,University of Georgia,Athens,GA,0.6296,1227,20744,9842,28052,0.8251,26373,8260
593,2013,82,University of Georgia,Athens,GA,0.5608,1247,21162,10262,28472,0.8314,26259,8258
594,2014,82,University of Georgia,Athens,GA,0.5572,1248,21981,10836,29046,0.8462,26278,8315
595,2015,82,University of Georgia,Athens,GA,0.5288,1252,22536,11622,29832,0.8526,26882,26882
596,2016,83,University of Georgia,Athens,GA,0.539,1165,24991,11634,29844,0.8481,27851,8623
597,2008,59,University of Hawaii at Manoa,Honolulu,HI,0.6894,1087,20931,6258,16914,0.5064,13827,5811
598,2009,59,University of Hawaii at Manoa,Honolulu,HI,0.667,1068,14707,7167,19215,0.4819,13810,6483
599,2010,59,University of Hawaii at Manoa,Honolulu,HI,0.6722,1090,15382,8095,21535,0.5032,13952,6425
600,2011,59,University of Hawaii at Manoa,Honolulu,HI,0.709,1085,17273,9100,23932,0.5497,13912,6027
601,2012,59,University of Hawaii at Manoa,Honolulu,HI,0.7847,1082,18450,9404,25652,0.5569,14402,5771
602,2013,59,University of Hawaii at Manoa,Honolulu,HI,0.8009,1087,18491,9904,27472,0.5651,14655,5507
603,2014,59,University of Hawaii at Manoa,Honolulu,HI,0.7882,1070,19106,10620,29412,0.5619,14499,5381
604,2015,59,University of Hawaii at Manoa,Honolulu,HI,0.8142,1067,21177,11164,31216,0.5712,14126,14126
605,2016,60,University of Hawaii at Manoa,Honolulu,HI,0.8498,1217,22153,11732,33764,0.5816,12767,4924
606,2008,51,University of Illinois at Chicago,Chicago,IL,0.6004,1090,16504,11716,24106,0.4814,15672,7842
607,2009,51,University of Illinois at Chicago,Chicago,IL,0.6305,1092,20743,12034,24424,0.5413,15576,10796
608,2010,51,University of Illinois at Chicago,Chicago,IL,0.6321,1091,21293,12056,24446,0.5298,16044,11044
609,2011,51,University of Illinois at Chicago,Chicago,IL,0.6283,1090,22378,12656,25046,0.5448,16806,11166
610,2012,51,University of Illinois at Chicago,Chicago,IL,0.6393,1092,24744,13122,25512,0.5767,16925,11197
611,2013,51,University of Illinois at Chicago,Chicago,IL,0.714,1092,25248,13410,25800,0.5669,16678,11367
612,2014,51,University of Illinois at Chicago,Chicago,IL,0.7448,1125,25146,13634,26024,0.5968,16671,11251
613,2015,51,University of Illinois at Chicago,Chicago,IL,0.7665,1092,25046,13664,26520,0.5976,16718,16718
614,2016,52,University of Illinois at Chicago,Chicago,IL,0.7359,1422,25131,13664,26520,0.578,17804,11161
615,2008,24,University of Illinois at Urbana-Champaign,Champaign,IL,0.6903,1287,19841,12106,25890,0.8204,30895,10797
616,2009,24,University of Illinois at Urbana-Champaign,Champaign,IL,0.6544,1291,24580,12528,26670,0.8258,31417,12404
617,2010,24,University of Illinois at Urbana-Champaign,Champaign,IL,0.671,1292,25110,13096,27238,0.8439,31477,12322
618,2011,24,University of Illinois at Urbana-Champaign,Champaign,IL,0.6759,1296,26538,13838,27980,0.8243,31540,12151
619,2012,24,University of Illinois at Urbana-Champaign,Champaign,IL,0.6334,1300,27628,14522,28664,0.8396,32256,12239
620,2013,24,University of Illinois at Urbana-Champaign,Champaign,IL,0.6239,1303,28564,14750,29132,0.838,32281,12247
621,2014,24,University of Illinois at Urbana-Champaign,Champaign,IL,0.5904,1326,29086,15020,29646,0.8416,32695,12181
622,2015,24,University of Illinois at Urbana-Champaign,Champaign,IL,0.6556,1305,29568,15054,30214,0.8517,32959,32959
623,2016,25,University of Illinois at Urbana-Champaign,Champaign,IL,0.6007,1338,29764,15058,30680,0.852,32752,13019
624,2008,83,University of Iowa,Iowa City,IA,0.8232,1168,23261,6544,20658,0.6605,20907,6305
625,2009,83,University of Iowa,Iowa City,IA,0.8302,1168,18687,6824,22198,0.6851,20823,8413
626,2010,83,University of Iowa,Iowa City,IA,0.8382,1166,19438,7417,23713,0.6956,20574,8342
627,2011,83,University of Iowa,Iowa City,IA,0.7976,1164,20353,7765,25099,0.7082,21179,8246
628,2012,83,University of Iowa,Iowa City,IA,0.7844,1147,21120,8057,26279,0.6981,21564,8130
629,2013,83,University of Iowa,Iowa City,IA,0.8023,1208,21832,8061,26931,0.6962,21999,7774
630,2014,83,University of Iowa,Iowa City,IA,0.8095,1164,20691,8079,27409,0.7004,21974,7616
631,2015,83,University of Iowa,Iowa City,IA,0.8074,1164,20861,8104,27890,0.7208,22354,22354
632,2016,84,University of Iowa,Iowa City,IA,0.8411,1170,21010,8575,28813,0.7182,22990,7535
633,2008,70,University of Kansas,Lawrence,KS,0.9216,1125,18482,7042,17119,0.5973,20828,6516
634,2009,70,University of Kansas,Lawrence,KS,0.9175,1125,18482,8206,20175,0.6077,21332,8176
635,2010,70,University of Kansas,Lawrence,KS,0.9143,1125,19904,8733,21538,0.6105,21066,8354
636,2011,70,University of Kansas,Lawrence,KS,0.9252,1145,20505,9222,22608,0.6072,20343,8244
637,2012,70,University of Kansas,Lawrence,KS,0.9274,1145,21572,9678,23748,0.6403,19695,7966
638,2013,70,University of Kansas,Lawrence,KS,0.9228,1145,21971,10107,24873,0.6162,19169,7751
639,2014,70,University of Kansas,Lawrence,KS,0.9142,1145,23049,10448,25731,0.6,19217,7837
640,2015,70,University of Kansas,Lawrence,KS,0.9347,1145,23733,10825,26659,0.6133,19343,19343
641,2016,71,University of Kansas,Lawrence,KS,0.9301,1248,23687,11455,28239,0.6343,18845,8303
642,2008,88,University of Maryland-Baltimore County,Baltimore,MD,0.7174,1182,19930,8780,17512,0.5944,9464,2656
643,2009,88,University of Maryland-Baltimore County,Baltimore,MD,0.689,1183,20230,8872,18213,0.5905,9612,2923
644,2010,88,University of Maryland-Baltimore County,Baltimore,MD,0.6589,1205,20244,9171,19108,0.5731,9947,2678
645,2011,88,University of Maryland-Baltimore County,Baltimore,MD,0.6081,1209,21105,9467,19870,0.5736,10210,2626
646,2012,88,University of Maryland-Baltimore County,Baltimore,MD,0.6035,1222,21629,9764,20825,0.6054,10573,2684
647,2013,88,University of Maryland-Baltimore County,Baltimore,MD,0.6315,1209,22024,10068,21642,0.6458,10953,2772
648,2014,88,University of Maryland-Baltimore County,Baltimore,MD,0.5961,1213,21941,10384,22682,0.6109,11136,2600
649,2015,88,University of Maryland-Baltimore County,Baltimore,MD,0.5942,1209,22873,11006,23770,0.6327,11379,11379
650,2016,89,University of Maryland-Baltimore County,Baltimore,MD,0.5683,1156,23818,11264,24492,0.6442,11025,2498
651,2008,34,University of Maryland-College Park,College Park,MD,0.3881,1275,17561,8005,23075,0.8176,25857,10410
652,2009,34,University of Maryland-College Park,College Park,MD,0.419,1295,20831,8053,23990,0.8168,26475,10653
653,2010,34,University of Maryland-College Park,College Park,MD,0.4464,1290,21189,8416,24831,0.8146,26542,10719
654,2011,34,University of Maryland-College Park,College Park,MD,0.448,1290,21785,8655,26026,0.8182,26922,10805
655,2012,34,University of Maryland-College Park,College Park,MD,0.4694,1300,22214,8908,27287,0.8202,26826,10710
656,2013,34,University of Maryland-College Park,College Park,MD,0.4699,1310,22933,9162,28348,0.8406,26538,10614
657,2014,34,University of Maryland-College Park,College Park,MD,0.4793,1315,23258,9427,29720,0.8475,26658,10554
658,2015,34,University of Maryland-College Park,College Park,MD,0.4488,1315,23889,9996,31144,0.8635,27056,27056
659,2016,35,University of Maryland-College Park,College Park,MD,0.4806,1281,24041,10181,32045,0.8641,27864,10611
660,2008,56,University of Massachusetts-Amherst,Amherst,MA,0.643,1151,42620,10232,21729,0.6819,20114,5820
661,2009,56,University of Massachusetts-Amherst,Amherst,MA,0.669,1169,20931,11917,23414,0.6544,20539,6143
662,2010,56,University of Massachusetts-Amherst,Amherst,MA,0.6767,1161,22797,11917,23813,0.682,20873,6196
663,2011,56,University of Massachusetts-Amherst,Amherst,MA,0.6563,1185,23131,12797,25585,0.6716,21373,6272
664,2012,56,University of Massachusetts-Amherst,Amherst,MA,0.6262,1189,24709,13415,26830,0.7022,21812,6308
665,2013,56,University of Massachusetts-Amherst,Amherst,MA,0.6294,1209,25665,13443,28159,0.7266,21928,6384
666,2014,56,University of Massachusetts-Amherst,Amherst,MA,0.6139,1217,26207,13443,28998,0.7509,22134,6383
667,2015,56,University of Massachusetts-Amherst,Amherst,MA,0.5832,1226,26726,14171,30504,0.7784,22252,22252
668,2016,57,University of Massachusetts-Amherst,Amherst,MA,0.5968,1273,28000,14971,32204,0.7614,22958,6664
669,2008,54,University of Miami,Coral Gables,FL,0.3863,1290,23433,34834,34834,0.7683,10379,4901
670,2009,54,University of Miami,Coral Gables,FL,0.444,1284,49950,36188,36188,0.7953,10422,5259
671,2010,54,University of Miami,Coral Gables,FL,0.3922,1313,51763,37836,37836,0.8025,10370,5289
672,2011,54,University of Miami,Coral Gables,FL,0.3833,1326,53928,39654,39654,0.779,10368,5559
673,2012,54,University of Miami,Coral Gables,FL,0.397,1331,55326,41220,41220,0.8055,10509,5582
674,2013,54,University of Miami,Coral Gables,FL,0.4044,1332,57700,42852,42852,0.8169,10590,5555
675,2014,54,University of Miami,Coral Gables,FL,0.3818,1330,59850,44350,44350,0.8099,11380,5499
676,2015,54,University of Miami,Coral Gables,FL,0.3779,1319,61666,45724,45724,0.8161,11175,11175
677,2016,55,University of Miami,Coral Gables,FL,0.3771,1290,59833,47004,47004,0.8166,10577,5952
678,2008,11,University of Michigan-Ann Arbor,Ann Arbor,MI,0.4215,1308,50535,11037,33069,0.8803,26083,15034
679,2009,11,University of Michigan-Ann Arbor,Ann Arbor,MI,0.4996,1310,22606,11659,34937,0.894,25994,15466
680,2010,11,University of Michigan-Ann Arbor,Ann Arbor,MI,0.5063,1311,23605,11837,36001,0.8966,26208,14897
681,2011,11,University of Michigan-Ann Arbor,Ann Arbor,MI,0.406,1343,24065,12634,37782,0.8951,27027,15309
682,2012,11,University of Michigan-Ann Arbor,Ann Arbor,MI,0.3655,1346,25112,12994,39122,0.9068,27407,15447
683,2013,11,University of Michigan-Ann Arbor,Ann Arbor,MI,0.3326,1352,25760,13142,40392,0.8997,27979,15427
684,2014,11,University of Michigan-Ann Arbor,Ann Arbor,MI,0.3224,1380,26143,13486,41906,0.9087,28283,15230
685,2015,11,University of Michigan-Ann Arbor,Ann Arbor,MI,0.2628,1384,26850,13856,43476,0.9011,28395,28395
686,2016,11,University of Michigan-Ann Arbor,Ann Arbor,MI,0.2859,1476,27725,14402,45410,0.9117,28761,15735
687,2008,39,University of Minnesota-Twin Cities,Minneapolis,MN,0.5253,1211,21248,10756,14756,0.6567,32294,14918
688,2009,39,University of Minnesota-Twin Cities,Minneapolis,MN,0.5001,1211,20526,11466,15466,0.6824,32557,18423
689,2010,39,University of Minnesota-Twin Cities,Minneapolis,MN,0.4779,1248,21088,12288,16588,0.7014,33236,18114
690,2011,39,University of Minnesota-Twin Cities,Minneapolis,MN,0.4659,1251,22404,13022,18022,0.7023,33607,17745
691,2012,39,University of Minnesota-Twin Cities,Minneapolis,MN,0.4951,1252,23304,13459,18709,0.7294,34812,17384
692,2013,39,University of Minnesota-Twin Cities,Minneapolis,MN,0.4442,1270,24278,13555,19805,0.754,34469,17077
693,2014,39,University of Minnesota-Twin Cities,Minneapolis,MN,0.4535,1271,24551,13560,20810,0.784,34449,16796
694,2015,39,University of Minnesota-Twin Cities,Minneapolis,MN,0.4458,1288,24741,13790,22210,0.772,34351,34351
695,2016,40,University of Minnesota-Twin Cities,Minneapolis,MN,0.4441,1206,25370,14142,23806,0.7838,30974,16709
696,2008,92,University of New Mexico-Main Campus,Albuquerque,NM,0.7093,1037,23570,4834,15708,0.4431,19905,4701
697,2009,92,University of New Mexico-Main Campus,Albuquerque,NM,0.6787,1038,15127,5101,17254,0.431,20047,5909
698,2010,92,University of New Mexico-Main Campus,Albuquerque,NM,0.6157,1041,15048,5506,18691,0.4447,21319,6212
699,2011,92,University of New Mexico-Main Campus,Albuquerque,NM,0.6648,1043,15722,5809,19919,0.4515,22450,6334
700,2012,92,University of New Mexico-Main Campus,Albuquerque,NM,0.6387,1036,16325,6050,20688,0.4582,22722,6260
701,2013,92,University of New Mexico-Main Campus,Albuquerque,NM,0.6458,1038,16822,6846,20688,0.4828,22838,6176
702,2014,92,University of New Mexico-Main Campus,Albuquerque,NM,0.4538,1060,17401,6846,20664,0.4778,22416,6052
703,2015,92,University of New Mexico-Main Campus,Albuquerque,NM,0.5788,1040,17000,7071,21302,0.4803,21792,21792
704,2016,93,University of New Mexico-Main Campus,Albuquerque,NM,0.5778,1189,17443,7340,21929,0.445,19646,5976
705,2008,25,University of North Carolina at Chapel Hill,Chapel Hill,NC,0.3484,1300,52150,5397,22295,0.8567,17628,8275
706,2009,25,University of North Carolina at Chapel Hill,Chapel Hill,NC,0.3396,1305,16194,5625,23513,0.8488,17895,10935
707,2010,25,University of North Carolina at Chapel Hill,Chapel Hill,NC,0.3163,1304,17777,6665,25280,0.8811,17981,10811
708,2011,25,University of North Carolina at Chapel Hill,Chapel Hill,NC,0.3388,1304,20208,7009,26834,0.8898,18579,10707
709,2012,25,University of North Carolina at Chapel Hill,Chapel Hill,NC,0.3297,1305,21251,7693,28445,0.8936,18430,10775
710,2013,25,University of North Carolina at Chapel Hill,Chapel Hill,NC,0.2759,1313,23069,8340,30122,0.9002,18503,10757
711,2014,25,University of North Carolina at Chapel Hill,Chapel Hill,NC,0.285,1328,23978,8336,33418,0.9026,18370,10785
712,2015,25,University of North Carolina at Chapel Hill,Chapel Hill,NC,0.3054,1343,23940,8591,33673,0.9019,18350,18350
713,2016,26,University of North Carolina at Chapel Hill,Chapel Hill,NC,0.2694,1490,24327,8834,33916,0.911,18169,10946
714,2008,50,University of Notre Dame,Notre Dame,IN,0.2673,1426,49708,36850,36850,0.9578,8371,2779
715,2009,50,University of Notre Dame,Notre Dame,IN,0.2865,1433,49027,38477,38477,0.9604,8363,3444
716,2010,50,University of Notre Dame,Notre Dame,IN,0.2877,1430,51297,39919,39919,0.9597,8372,3550
717,2011,50,University of Notre Dame,Notre Dame,IN,0.2429,1448,53239,41417,41417,0.9588,8437,3552
718,2012,50,University of Notre Dame,Notre Dame,IN,0.2328,1438,55257,42971,42971,0.9458,8452,3651
719,2013,50,University of Notre Dame,Notre Dame,IN,0.223,1450,57805,44605,44605,0.9486,8475,3647
720,2014,50,University of Notre Dame,Notre Dame,IN,0.2114,1450,60117,46237,46237,0.9573,8477,3731
721,2015,50,University of Notre Dame,Notre Dame,IN,0.198,1455,62427,47929,47929,0.9655,8448,8448
722,2016,50,University of Notre Dame,Notre Dame,IN,0.1873,1105,64775,49685,49685,0.9509,8496,3863
723,2008,93,University of Oklahoma-Norman Campus,Norman,OK,0.7326,1168,19618,7423,17404,0.6175,19512,6169
724,2009,93,University of Oklahoma-Norman Campus,Norman,OK,0.8875,1180,19255,7483,17464,0.6447,19450,6315
725,2010,93,University of Oklahoma-Norman Campus,Norman,OK,0.8503,1182,19790,7864,18295,0.6446,19566,6697
726,2011,93,University of Oklahoma-Norman Campus,Norman,OK,0.8185,1183,21954,8325,19278,0.6789,19779,6643
727,2012,93,University of Oklahoma-Norman Campus,Norman,OK,0.7914,1182,22467,8706,20343,0.6642,20495,6398
728,2013,93,University of Oklahoma-Norman Campus,Norman,OK,0.8044,1176,23263,8916,21105,0.6629,21109,6307
729,2014,93,University of Oklahoma-Norman Campus,Norman,OK,0.8133,1189,23384,9495,22269,0.6744,20985,6250
730,2015,93,University of Oklahoma-Norman Campus,Norman,OK,0.7764,1204,23906,10090,23476,0.6616,21011,21011
731,2016,94,University of Oklahoma-Norman Campus,Norman,OK,0.7084,1204,25085,10881,25203,0.6751,21082,6309
732,2008,10,University of Pennsylvania,Philadelphia,PA,0.1693,1418,48990,37526,37526,0.952,11877,9867
733,2009,10,University of Pennsylvania,Philadelphia,PA,0.1771,1436,51299,38970,38970,0.9495,11851,12645
734,2010,10,University of Pennsylvania,Philadelphia,PA,0.1426,1435,53250,40514,40514,0.9555,11954,13067
735,2011,10,University of Pennsylvania,Philadelphia,PA,0.1243,1435,55250,42098,42098,0.958,11940,13067
736,2012,10,University of Pennsylvania,Philadelphia,PA,0.126,1439,57360,43738,43738,0.9597,11765,13047
737,2013,10,University of Pennsylvania,Philadelphia,PA,0.1224,1442,59600,45890,45890,0.9569,11678,13105
738,2014,10,University of Pennsylvania,Philadelphia,PA,0.1037,1452,61800,47668,47668,0.9561,11525,13258
739,2015,10,University of Pennsylvania,Philadelphia,PA,0.1016,1457,64200,49536,49536,0.9534,11548,11548
740,2016,10,University of Pennsylvania,Philadelphia,PA,0.0944,1386,66800,51464,51464,0.9526,10698,13244
741,2008,36,University of Pittsburgh-Pittsburgh campus,Pittsburgh,PA,0.5558,1241,46521,13642,23290,0.7629,17208,10135
742,2009,36,University of Pittsburgh-Pittsburgh campus,Pittsburgh,PA,0.5544,1256,25837,14154,23852,0.7765,17427,10297
743,2010,36,University of Pittsburgh-Pittsburgh campus,Pittsburgh,PA,0.5853,1256,26717,14936,24592,0.7836,18031,10452
744,2011,36,University of Pittsburgh-Pittsburgh campus,Pittsburgh,PA,0.5777,1262,27864,16132,25540,0.7872,18371,10339
745,2012,36,University of Pittsburgh-Pittsburgh campus,Pittsburgh,PA,0.5786,1266,29392,16590,26280,0.7898,18427,10340
746,2013,36,University of Pittsburgh-Pittsburgh campus,Pittsburgh,PA,0.5613,1258,30410,17100,27106,0.8044,18429,10034
747,2014,36,University of Pittsburgh-Pittsburgh campus,Pittsburgh,PA,0.5312,1275,31828,17772,28168,0.8185,18615,9860
748,2015,36,University of Pittsburgh-Pittsburgh campus,Pittsburgh,PA,0.5389,1272,32754,18192,28958,0.8165,18757,18757
749,2016,37,University of Pittsburgh-Pittsburgh campus,Pittsburgh,PA,0.5541,1194,32191,18618,29758,0.8137,18920,9541
750,2008,43,University of Rochester,Rochester,NY,0.4115,1314,48217,37250,37250,0.837,5131,3930
751,2009,43,University of Rochester,Rochester,NY,0.3869,1334,50550,38690,38690,0.8029,5378,4497
752,2010,43,University of Rochester,Rochester,NY,0.3797,1336,52690,40282,40282,0.8412,5447,4510
753,2011,43,University of Rochester,Rochester,NY,0.341,1337,54730,41826,41826,0.8309,5601,4647
754,2012,43,University of Rochester,Rochester,NY,0.3532,1340,56760,43666,43666,0.854,5643,4725
755,2013,43,University of Rochester,Rochester,NY,0.3568,1353,59156,45372,45372,0.8518,5785,4843
756,2014,43,University of Rochester,Rochester,NY,0.3641,1450,61340,46960,46960,0.8393,6177,4794
757,2015,43,University of Rochester,Rochester,NY,0.3382,1450,63268,48280,48280,0.882,6266,6266
758,2016,44,University of Rochester,Rochester,NY,0.3553,1408,65364,50142,50142,0.8544,6235,4823
759,2008,97,University of South Florida-Main Campus,Tampa,FL,0.456,1150,23283,3917,16634,0.4809,34898,9792
760,2009,97,University of South Florida-Main Campus,Tampa,FL,0.4244,1151,17671,4577,15386,0.4823,34982,9486
761,2010,97,University of South Florida-Main Campus,Tampa,FL,0.4454,1128,18927,5198,16007,0.5144,30536,9517
762,2011,97,University of South Florida-Main Campus,Tampa,FL,0.3805,1150,19798,5800,14990,0.5171,30914,9621
763,2012,97,University of South Florida-Main Campus,Tampa,FL,0.4321,1168,20590,6334,16257,0.5655,30438,9991
764,2013,97,University of South Florida-Main Campus,Tampa,FL,0.4524,1168,19299,6410,17324,0.6321,31125,10328
765,2014,97,University of South Florida-Main Campus,Tampa,FL,0.5316,1162,19306,6410,17324,0.6719,30264,10871
766,2015,97,University of South Florida-Main Campus,Tampa,FL,0.4464,1177,19578,6410,17324,0.6844,30155,30155
767,2016,98,University of South Florida-Main Campus,Tampa,FL,0.4663,1158,19652,6410,17324,0.6749,30553,11400
768,2008,33,University of Southern California,Los Angeles,CA,0.2194,1367,26275,37693,37693,0.8794,16384,14457
769,2009,33,University of Southern California,Los Angeles,CA,0.244,1360,51740,39183,39183,0.8784,16608,18073
770,2010,33,University of Southern California,Los Angeles,CA,0.2435,1373,53511,41022,41022,0.8888,16751,19516
771,2011,33,University of Southern California,Los Angeles,CA,0.2302,1383,55493,42818,42818,0.9012,17380,20596
772,2012,33,University of Southern California,Los Angeles,CA,0.1993,1377,57772,44463,44463,0.9019,17414,21642
773,2013,33,University of Southern California,Los Angeles,CA,0.1984,1380,59787,46298,46298,0.9117,18316,22923
774,2014,33,University of Southern California,Los Angeles,CA,0.1802,1380,62092,48280,48280,0.9084,18445,23714
775,2015,33,University of Southern California,Los Angeles,CA,0.1768,1391,64536,50277,50277,0.9226,18739,18739
776,2016,34,University of Southern California,Los Angeles,CA,0.1662,1337,67064,52283,52283,0.9203,18557,25077
777,2008,68,University of Utah,Salt Lake City,UT,0.8107,1105,18687,5284,16600,0.5112,21421,5699
778,2009,68,University of Utah,Salt Lake City,UT,0.8008,1109,15899,5746,18136,0.5759,21526,7135
779,2010,68,University of Utah,Salt Lake City,UT,0.8287,1110,17266,6272,19840,0.5638,22149,7448
780,2011,68,University of Utah,Salt Lake City,UT,0.832,1110,16797,6762,21388,0.5533,22241,7363
781,2012,68,University of Utah,Salt Lake City,UT,0.8263,1113,18259,7139,22642,0.5866,24297,7548
782,2013,68,University of Utah,Salt Lake City,UT,0.8174,1109,19048,7457,23736,0.6037,24840,7585
783,2014,68,University of Utah,Salt Lake City,UT,0.8142,1131,18931,7835,25057,0.6221,24492,7608
784,2015,68,University of Utah,Salt Lake City,UT,0.8143,1130,19447,8197,26022,0.6384,23895,23895
785,2016,67,University of Utah,Salt Lake City,UT,0.7642,1268,18444,8518,27039,0.6514,22748,8071
786,2008,99,University of Vermont,Burlington,VT,0.6481,1184,22554,12844,29682,0.7117,10504,1410
787,2009,99,University of Vermont,Burlington,VT,0.709,1185,23570,13554,31410,0.7307,10937,2009
788,2010,99,University of Vermont,Burlington,VT,0.7058,1188,24874,14066,32630,0.766,11382,1961
789,2011,99,University of Vermont,Burlington,VT,0.7538,1191,26274,14784,34424,0.7233,11593,1996
790,2012,99,University of Vermont,Burlington,VT,0.7665,1191,27315,15284,35612,0.7582,11482,1887
791,2013,99,University of Vermont,Burlington,VT,0.7755,1190,27788,15718,36646,0.7582,11211,1811
792,2014,99,University of Vermont,Burlington,VT,0.7344,1191,28348,16226,37874,0.7558,10912,1864
793,2015,99,University of Vermont,Burlington,VT,0.7085,1211,29332,16768,39160,0.7679,10992,10992
794,2016,99,University of Vermont,Burlington,VT,0.6894,1310,30573,17300,40364,0.7423,10267,1946
795,2008,46,University of Virginia-Main Campus,Charlottesville,VA,0.3668,1328,49820,9300,29600,0.9307,15078,7608
796,2009,46,University of Virginia-Main Campus,Charlottesville,VA,0.3206,1332,20488,9872,31872,0.93,15208,8879
797,2010,46,University of Virginia-Main Campus,Charlottesville,VA,0.326,1336,21142,10828,33774,0.9269,15476,8796
798,2011,46,University of Virginia-Main Campus,Charlottesville,VA,0.3327,1347,22535,11786,36780,0.939,15595,8535
799,2012,46,University of Virginia-Main Campus,Charlottesville,VA,0.2955,1355,23986,12216,38228,0.9343,15762,8085
800,2013,46,University of Virginia-Main Campus,Charlottesville,VA,0.2999,1362,25255,12668,40054,0.9307,15822,7377
801,2014,46,University of Virginia-Main Campus,Charlottesville,VA,0.29,1357,26063,13208,42394,0.9416,16087,7249
802,2015,46,University of Virginia-Main Campus,Charlottesville,VA,0.2979,1364,27010,15192,44365,0.933,16483,16483
803,2016,47,University of Virginia-Main Campus,Charlottesville,VA,0.2986,1495,29572,16412,45756,0.9417,15963,7567
804,2008,20,University of Wisconsin-Madison,Madison,WI,0.6283,1266,46175,7564,21814,0.8134,30166,11258
805,2009,20,University of Wisconsin-Madison,Madison,WI,0.5946,1269,18858,8310,23059,0.81,30362,11729
806,2010,20,University of Wisconsin-Madison,Madison,WI,0.665,1268,20064,8983,24233,0.8298,29925,12010
807,2011,20,University of Wisconsin-Madison,Madison,WI,0.6647,1268,21209,9665,25415,0.8195,30170,12066
808,2012,20,University of Wisconsin-Madison,Madison,WI,0.6862,1269,22394,10378,26628,0.818,30014,11968
809,2013,20,University of Wisconsin-Madison,Madison,WI,0.6792,1268,23718,10403,26653,0.8284,30301,11949
810,2014,20,University of Wisconsin-Madison,Madison,WI,0.5694,1286,23839,10410,26660,0.8368,30728,11904
811,2015,20,University of Wisconsin-Madison,Madison,WI,0.5761,1300,24315,10415,29665,0.8495,30694,30694
812,2016,20,University of Wisconsin-Madison,Madison,WI,0.5262,1459,24594,10488,32738,0.8493,29536,11624
813,2008,47,Vanderbilt University,Nashville,TN,0.2533,1408,51740,37005,37005,0.8945,6532,4194
814,2009,47,Vanderbilt University,Nashville,TN,0.2015,1430,52303,38578,38578,0.9067,6637,5712
815,2010,47,Vanderbilt University,Nashville,TN,0.1795,1433,54718,39930,39930,0.9061,6794,5835
816,2011,47,Vanderbilt University,Nashville,TN,0.1642,1454,56634,41332,41332,0.9185,6879,6019
817,2012,47,Vanderbilt University,Nashville,TN,0.1423,1471,58554,42118,42118,0.9219,6817,5914
818,2013,47,Vanderbilt University,Nashville,TN,0.1274,1475,59890,42978,42978,0.9252,6796,5922
819,2014,47,Vanderbilt University,Nashville,TN,0.1309,1481,61112,43838,43838,0.9286,6835,5835
820,2015,47,Vanderbilt University,Nashville,TN,0.1168,1498,62320,44712,44712,0.9198,6851,6851
821,2016,48,Vanderbilt University,Nashville,TN,0.1075,1205,63532,45610,45610,0.9243,6844,5716
822,2008,65,Virginia Polytechnic Institute and State University,Blacksburg,VA,0.6541,1205,24580,8198,20825,0.784,23041,7172
823,2009,65,Virginia Polytechnic Institute and State University,Blacksburg,VA,0.6669,1210,19538,8605,21878,0.7993,23567,7312
824,2010,65,Virginia Polytechnic Institute and State University,Blacksburg,VA,0.6701,1220,22065,9459,23217,0.7977,23558,7316
825,2011,65,Virginia Polytechnic Institute and State University,Blacksburg,VA,0.6655,1210,22459,10509,24480,0.8162,23690,7236
826,2012,65,Virginia Polytechnic Institute and State University,Blacksburg,VA,0.7038,1215,23869,10923,25915,0.8275,23700,7228
827,2013,65,Virginia Polytechnic Institute and State University,Blacksburg,VA,0.7028,1220,25513,11455,27211,0.8243,23859,7171
828,2014,65,Virginia Polytechnic Institute and State University,Blacksburg,VA,0.7263,1215,26165,12017,28048,0.8258,24034,6977
829,2015,65,Virginia Polytechnic Institute and State University,Blacksburg,VA,0.7341,1210,25837,12485,29129,0.8334,24247,24247
830,2016,66,Virginia Polytechnic Institute and State University,Blacksburg,VA,0.7087,1301,24855,12852,29975,0.8377,25725,7379
831,2008,74,Wake Forest University,Winston-Salem,NC,0.3838,1314,50550,36975,36975,0.8799,4412,1344
832,2009,74,Wake Forest University,Winston-Salem,NC,0.3752,1450,49820,38622,38622,0.9024,4476,2510
833,2010,74,Wake Forest University,Winston-Salem,NC,0.4028,1450,52082,39970,39970,0.8873,4569,2505
834,2011,74,Wake Forest University,Winston-Salem,NC,0.3985,1450,54135,41576,41576,0.8815,4657,2576
835,2012,74,Wake Forest University,Winston-Salem,NC,0.3397,1450,56236,43200,43200,0.8749,4775,2617
836,2013,74,Wake Forest University,Winston-Salem,NC,0.352,1450,58173,44742,44742,0.8646,4815,2779
837,2014,74,Wake Forest University,Winston-Salem,NC,0.3441,1450,60210,46200,46200,0.8822,4812,2921
838,2015,74,Wake Forest University,Winston-Salem,NC,0.2939,1370,62502,47682,47682,0.881,4861,4861
839,2016,75,Wake Forest University,Winston-Salem,NC,0.3034,1054,64442,49308,49308,0.8833,4949,3013
840,2008,75,Washington State University,Pullman,WA,0.7221,1105,19307,7564,18600,0.6687,20282,3396
841,2009,75,Washington State University,Pullman,WA,0.7626,1086,20525,8489,19565,0.6907,20690,4375
842,2010,75,Washington State University,Pullman,WA,0.6953,1086,22297,9489,20531,0.6895,21726,4491
843,2011,75,Washington State University,Pullman,WA,0.8354,1066,23611,10799,22077,0.6676,21816,4566
844,2012,75,Washington State University,Pullman,WA,0.7601,1050,24939,12300,25382,0.673,22763,4544
845,2013,75,Washington State University,Pullman,WA,0.8208,1030,26292,12327,25409,0.6548,23135,4572
846,2014,75,Washington State University,Pullman,WA,0.8208,1030,26543,12428,25510,0.6724,23070,4819
847,2015,75,Washington State University,Pullman,WA,0.7964,1039,27402,11967,25567,0.6419,23867,23867
848,2016,76,Washington State University,Pullman,WA,0.7204,1229,26441,11041,25673,0.6658,24362,5238
849,2008,30,Washington University in St Louis,Saint Louis,MO,0.217,1453,52303,37248,37248,0.9368,7253,5051
850,2009,30,Washington University in St Louis,Saint Louis,MO,0.2219,1462,52464,38728,38728,0.9325,6985,6529
851,2010,30,Washington University in St Louis,Saint Louis,MO,0.2129,1465,54533,40369,40369,0.9401,7046,6682
852,2011,30,Washington University in St Louis,Saint Louis,MO,0.1652,1467,56930,41992,41992,0.9344,7138,6669
853,2012,30,Washington University in St Louis,Saint Louis,MO,0.1788,1478,58901,43705,43705,0.9402,7239,6693
854,2013,30,Washington University in St Louis,Saint Louis,MO,0.1555,1474,62594,44841,44841,0.9404,7259,6696
855,2014,30,Washington University in St Louis,Saint Louis,MO,0.1713,1478,63755,46467,46467,0.9496,7336,6947
856,2015,30,Washington University in St Louis,Saint Louis,MO,0.1674,1469,65887,48093,48093,0.9264,7401,7401
857,2016,31,Washington University in St Louis,Saint Louis,MO,0.1653,1228,67751,49770,49770,0.9401,7116,7492
858,2008,85,Wayne State University,Detroit,MI,0.7893,950,16228,8109,17379,0.3357,21145,8733
859,2009,85,Wayne State University,Detroit,MI,0.7893,950,16228,8643,18412,0.3169,20122,11021
860,2010,85,Wayne State University,Detroit,MI,0.8638,970,16949,9026,19226,0.3093,20765,10668
861,2011,85,Wayne State University,Detroit,MI,0.7552,1010,17388,9809,20921,0.2635,20837,10176
862,2012,85,Wayne State University,Detroit,MI,0.8054,1030,19411,10190,21735,0.2813,19877,9596
863,2013,85,Wayne State University,Detroit,MI,0.7624,1050,20199,11094,23714,0.3235,19342,9295
864,2014,85,Wayne State University,Detroit,MI,0.7733,1070,21021,11449,24472,0.3431,18602,9231
865,2015,85,Wayne State University,Detroit,MI,0.7987,1070,21588,11814,25254,0.3461,18347,18347
866,2016,85,Wayne State University,Detroit,MI,0.8146,1159,22276,12269,26220,0.3917,16671,10018
867,2008,8,Yale University,New Haven,CT,0.0989,1481,51400,35300,35300,0.9738,5311,4915
868,2009,8,Yale University,New Haven,CT,0.0856,1475,51400,36500,36500,0.9793,5277,6318
869,2010,8,Yale University,New Haven,CT,0.0753,1473,52950,38300,38300,0.9632,5275,6391
870,2011,8,Yale University,New Haven,CT,0.0788,1497,55300,40500,40500,0.9659,5310,6526
871,2012,8,Yale University,New Haven,CT,0.0773,1488,58250,42300,42300,0.9619,5349,6501
872,2013,8,Yale University,New Haven,CT,0.0705,1497,59320,44000,44000,0.9779,5405,6679
873,2014,8,Yale University,New Haven,CT,0.063,1493,61620,45800,45800,0.962,5430,6859
874,2015,8,Yale University,New Haven,CT,0.0673,1498,63970,47600,47600,0.9678,5477,5477
875,2016,8,Yale University,New Haven,CT,0.0632,1496,66445,49480,49480,0.9777,5471,6986
876,2008,60,Yeshiva University,New York,NY,0.6651,1202,19538,32094,32094,0.8253,3017,1423
877,2009,60,Yeshiva University,New York,NY,0.626,1194,46175,32094,32094,0.7781,3061,3375
878,2010,60,Yeshiva University,New York,NY,0.7171,1209,46799,33050,33050,0.8249,2855,3612
879,2011,60,Yeshiva University,New York,NY,0.6936,1213,48435,35200,35200,0.8418,2848,3777
880,2012,60,Yeshiva University,New York,NY,0.8402,1202,50330,36500,36500,0.8403,2805,3878
881,2013,60,Yeshiva University,New York,NY,0.8216,1217,53825,37600,37600,0.8519,2835,3860
882,2014,60,Yeshiva University,New York,NY,0.818,1221,55075,38730,38730,0.8547,2858,3534
883,2015,60,Yeshiva University,New York,NY,0.8049,1229,56555,39530,39530,0.879,2786,2786
884,2016,61,Yeshiva University,New York,NY,0.5075,1181,57355,40670,40670,0.8177,2679,3454